0043.jpg,130,259,319,224,321,260,129,291,GingerNuts
0043.jpg,179,224,257,208,257,235,179,248,McVities
#0043.jpg,421,211,440,211,440,238,421,238,1
0005.jpg,193,101,313,76,314,112,195,136,Digestives
0005.jpg,189,207,312,184,310,225,187,244,Digestives
0005.jpg,200,299,271,299,271,323,200,323,Mcvities
0005.jpg,181,395,308,372,305,407,179,429,Digestives
0005.jpg,97,287,125,287,125,367,97,367,Classic
0005.jpg,55,83,63,141,78,136,70,80,Mcvities
0018.jpg,163,21,288,21,288,78,163,78,lotus
0018.jpg,215,74,245,74,245,84,215,84,since
0018.jpg,249,74,277,74,277,83,249,83,1932
0018.jpg,149,125,297,99,293,150,146,178,Biscoff
0092.jpg,95,221,271,221,271,245,95,245,TRADITIONAL
0092.jpg,123,244,250,244,250,270,123,270,BISCUITS
0092.jpg,135,168,235,168,235,182,135,182,YORKSHIRE
0092.jpg,200,142,105,184,88,164,195,113,CARTWRIGHT
0092.jpg,223,127,276,176,259,187,216,144,BUTLER
0001.jpg,140,185,230,185,230,227,140,227,BORDER
#0001.jpg,165,217,206,217,206,244,165,244,48
0001.jpg,97,224,165,240,162,259,95,245,luxury
0001.jpg,167,242,212,242,212,263,167,263,mini
0001.jpg,216,247,280,247,280,276,216,276,packs
0001.jpg,75,168,132,168,132,189,75,189,FRAGILE
0001.jpg,355,204,392,169,413,194,360,222,BORDER
#0001.jpg,371,204,395,204,395,236,371,236,48
0001.jpg,372,228,397,228,397,250,372,250,MINI
0001.jpg,397,209,432,209,432,241,397,241,packs
0001.jpg,332,245,371,245,371,273,332,273,luxury
0001.jpg,317,187,354,187,354,216,317,216,FRAGILE
0075.jpg,160,208,318,208,318,255,160,255,BORDER
0075.jpg,208,242,281,242,281,254,208,254,BISCUITS
0075.jpg,208,264,276,264,276,287,208,287,dark
0075.jpg,175,285,313,285,313,307,175,307,chocolate
0075.jpg,193,308,296,308,296,333,193,333,gingers
0075.jpg,330,299,379,283,385,300,331,318,BEST
0075.jpg,385,323,427,323,427,340,385,340,175ge
0021.jpg,128,233,331,198,342,261,133,304,CHEDDARS
0021.jpg,184,204,261,191,263,211,182,223,BAKED
0021.jpg,370,200,434,215,428,237,364,220,REAL
0021.jpg,364,220,428,236,422,255,359,239,CHEESE
0021.jpg,41,204,116,190,118,210,39,224,JACOBS
0021.jpg,198,291,236,291,236,305,198,305,CHEESE
0021.jpg,282,275,238,290,242,307,286,289,BISCUITS
0021.jpg,375,189,405,196,401,207,371,201,MADE
0021.jpg,406,194,432,194,432,211,406,211,WITH
0064.jpg,138,117,263,117,263,142,138,142,Walkers
0064.jpg,152,312,191,312,191,326,152,326,Pure
0064.jpg,193,308,236,308,236,323,193,323,Butter
0064.jpg,172,327,223,327,223,347,172,347,MINI
0064.jpg,133,350,260,343,260,363,129,373,SHORTBREAD
0064.jpg,235,364,156,370,157,392,242,383,FINGERS
0064.jpg,128,413,150,413,150,427,128,427,Net
#0064.jpg,152,412,169,412,169,424,152,424,Wt
0064.jpg,171,408,199,408,199,424,171,424,125g
0064.jpg,213,407,243,407,243,420,213,420,4.4oz
0085.jpg,128,117,196,117,196,131,128,131,Walkers
0085.jpg,196,103,302,103,302,143,196,143,Scottish
0085.jpg,294,103,384,103,384,144,294,144,Biscuits
0085.jpg,147,207,211,207,211,227,147,227,LONDON
0085.jpg,212,207,301,207,301,227,212,227,TRANSPORT
0037.jpg,26,70,114,70,114,95,26,95,FARRAHS
0037.jpg,148,72,238,72,238,95,148,95,FARRAHS
0037.jpg,269,69,358,69,358,96,269,96,FARRAHS
0037.jpg,384,69,470,69,470,93,384,93,FARRAHS
0084.jpg,63,114,434,6,441,124,108,217,Kimberley
0084.jpg,66,54,144,54,144,76,66,76,Bolands
0070.jpg,137,210,369,210,369,286,137,286,MIKADO
0070.jpg,335,303,383,303,383,324,335,324,MILK
0070.jpg,303,327,385,327,385,342,303,342,CHOCOLATE
#0070.jpg,125,41,162,41,162,81,125,81,LU
0070.jpg,340,463,380,463,380,480,340,480,e75g
0015.jpg,181,246,363,213,365,273,191,300,Hobnobs
0015.jpg,218,208,312,192,313,218,217,238,Mcvities
0025.jpg,113,76,317,76,317,144,113,144,caramel
0025.jpg,130,250,288,233,281,278,127,301,Caramel
0025.jpg,152,284,282,284,282,330,152,330,Biscuit
0071.jpg,175,54,319,54,319,102,175,102,BORDER
0071.jpg,181,130,250,130,250,146,181,146,CLASSIC
0071.jpg,252,131,317,131,317,146,252,146,RECIPES
0071.jpg,190,156,311,156,311,173,190,173,BUTTERSCOTCH
0071.jpg,215,171,287,171,287,188,215,188,CRUNCH
0105.jpg,202,79,274,62,279,86,206,104,McVities
#0105.jpg,180,113,301,75,294,173,200,189,BN
0105.jpg,201,360,292,360,292,384,201,384,Raspberry
0105.jpg,188,379,239,379,239,398,188,398,Flavour
0105.jpg,242,382,307,382,307,397,242,397,sandwich
0105.jpg,219,396,276,396,276,417,219,417,Biscuits
0044.jpg,82,225,255,225,255,245,82,245,TRADITIONAL
0044.jpg,105,251,231,251,231,266,105,266,BISCUITS
0044.jpg,178,143,83,191,76,157,177,112,CARTWRIGHT
0044.jpg,262,176,206,126,196,151,252,190,BUTLER
0013.jpg,63,295,113,295,113,312,63,312,BUTTER
0013.jpg,113,299,202,299,202,310,113,310,SHORTBREAD
0013.jpg,60,310,94,310,94,326,60,326,WITH
0013.jpg,93,313,155,313,155,328,93,328,CLOTTED
0013.jpg,153,309,202,309,202,326,153,326,CREAM
0013.jpg,93,93,127,93,127,108,93,108,EAST
0013.jpg,131,93,177,93,177,104,131,104,INDIA
0013.jpg,96,107,170,107,170,119,96,119,COMPANY
0013.jpg,76,344,155,344,155,359,76,359,TRADITIONALLY
0013.jpg,153,343,190,343,190,355,153,355,BAKED
0013.jpg,94,280,128,280,128,294,94,294,SWEET
0013.jpg,128,279,173,279,173,294,128,294,BISCUITS
0045.jpg,89,208,403,208,403,303,89,303,JaffaCakes
0045.jpg,205,204,267,190,272,213,207,228,McVities
0045.jpg,79,190,129,190,129,210,79,210,Original
0099.jpg,157,67,334,67,334,104,157,104,Family
0099.jpg,159,97,333,97,333,135,159,135,Circle
0099.jpg,222,261,287,261,287,279,222,279,Family
0099.jpg,226,275,284,275,284,292,226,292,Circle
0072.jpg,194,59,81,73,84,103,194,88,Compare
0072.jpg,220,49,269,49,269,79,220,79,Save
0072.jpg,285,154,85,195,86,122,285,83,JIFFY
0072.jpg,173,110,139,117,140,135,174,127,Quality
0072.jpg,193,106,218,106,218,120,193,120,Value
0072.jpg,220,103,240,103,240,117,220,117,since
0072.jpg,242,97,264,97,264,113,242,113,1930
0072.jpg,104,190,265,159,261,199,100,224,buttermilk
0072.jpg,198,210,118,222,116,248,199,234,biscuit
0072.jpg,200,200,252,200,252,235,200,235,mix
0072.jpg,102,269,119,269,119,288,102,288,OLD
0072.jpg,120,269,166,262,166,279,120,288,FASHIONED
0072.jpg,97,289,132,286,132,302,98,308,BAKING
0072.jpg,133,283,171,283,171,297,133,297,POWDER
0072.jpg,155,299,112,305,111,324,161,317,BISCUITS
0072.jpg,86,460,108,460,108,479,86,479,NET
0072.jpg,152,447,176,447,176,467,152,467,226g
0072.jpg,54,38,189,21,201,35,67,56,JIFFY
0094.jpg,229,126,319,121,320,138,231,141,CHOCOLATE
0094.jpg,206,143,268,141,268,157,206,157,PEANUT
0094.jpg,273,140,340,136,339,153,271,155,COOKIES
0094.jpg,284,67,215,102,206,86,280,49,CARTWRIGHT
0094.jpg,299,60,338,90,328,101,292,72,BUTLER
0003.jpg,123,222,307,197,309,236,119,271,Digestives
0003.jpg,165,193,246,182,247,200,165,215,McVities
0003.jpg,194,267,227,267,227,283,194,283,MILK
0003.jpg,229,267,310,267,310,284,229,284,CHOCOLATE
0003.jpg,379,181,415,181,415,202,379,202,1.75
0003.jpg,381,225,415,225,415,248,381,248,1.75
0003.jpg,380,273,414,273,414,297,380,297,1.75
0003.jpg,382,312,415,312,415,329,382,329,1.75
0098.jpg,204,96,266,107,263,123,199,112,DONA
0098.jpg,267,108,337,119,335,134,265,125,JIMENA
0098.jpg,242,119,321,133,318,147,237,134,ESPANA
#0098.jpg,211,114,233,114,233,133,211,133,DE
0098.jpg,159,266,221,276,220,289,160,279,DONA
0098.jpg,220,277,287,288,287,301,221,292,JIMENA
0098.jpg,201,285,274,298,274,310,201,297,ESPANA
#0098.jpg,173,281,197,285,197,295,173,290,DE
0090.jpg,78,165,163,139,175,157,89,189,lotus
0090.jpg,99,203,190,167,199,188,103,231,Biscoff
0090.jpg,126,253,215,226,227,250,134,278,1875kg
0090.jpg,168,340,254,305,253,335,173,371,lotus
0090.jpg,278,207,326,191,341,207,295,227,300
0090.jpg,329,302,369,285,368,308,332,324,300
0042.jpg,245,227,366,206,367,226,250,249,Walkers
0042.jpg,199,60,318,42,322,53,202,71,SHORTBREAD
0042.jpg,232,65,301,55,304,64,234,76,SHAPES
0006.jpg,36,201,176,201,176,277,36,277,FOXS
0006.jpg,295,215,364,215,364,253,295,253,Jamn
0006.jpg,367,217,441,217,441,253,367,253,Cream
0006.jpg,313,246,377,246,377,264,313,264,Raspberry
0006.jpg,324,260,368,260,368,276,324,276,vanilla
0006.jpg,128,272,160,272,160,285,128,285,CRUMB
0048.jpg,32,266,301,213,317,268,44,326,OREO
0048.jpg,166,208,81,220,86,247,174,232,ORIGINAL
0048.jpg,26,171,75,171,75,199,26,199,10x
0061.jpg,304,219,148,243,149,281,309,256,Digestives
0061.jpg,184,215,254,204,252,222,186,237,McVities
0061.jpg,231,283,290,283,290,295,231,295,ORIGINAL
0068.jpg,92,170,380,170,380,215,92,215,CARAMEL
0068.jpg,121,214,212,214,212,234,121,234,WAFER
0068.jpg,222,215,347,215,347,234,222,234,BISCUITS
0068.jpg,191,143,280,143,280,158,191,158,TUNNOCKS
0068.jpg,203,106,261,106,261,124,203,124,ORIGINAL
0068.jpg,91,94,155,94,155,113,91,113,TUNNOCKS
#0068.jpg,373,86,417,86,417,122,373,122,4
0068.jpg,374,122,420,122,420,134,374,134,PACK
0036.jpg,321,130,416,130,416,169,321,169,Biscuit
0036.jpg,267,154,446,154,446,204,267,204,moments
0036.jpg,317,208,411,208,411,220,317,220,STRAWBERRY
0036.jpg,49,93,160,93,160,129,49,129,special
0036.jpg,53,67,114,67,114,93,53,93,kelloggs
#0036.jpg,46,168,226,86,155,280,48,281,k
#0036.jpg,37,325,67,325,67,348,37,348,5x
0076.jpg,73,195,193,195,193,248,73,248,FOXS
0076.jpg,298,201,398,201,398,224,298,224,CRUNCH
0076.jpg,309,222,396,222,396,241,309,241,creams
0076.jpg,327,242,396,242,396,259,327,259,GINGER
0076.jpg,349,257,394,257,394,273,349,273,168ge
0022.jpg,64,237,377,213,373,276,66,293,PartyRings
0022.jpg,104,218,169,218,169,242,104,242,FOXs
0011.jpg,59,209,223,209,223,290,59,290,FOXs
0011.jpg,340,212,449,212,449,240,340,240,CRUNCH
0011.jpg,355,238,447,238,447,260,355,260,creams
0011.jpg,368,263,448,263,448,284,368,284,GOLDEN
0011.jpg,297,301,392,301,392,317,297,317,CRUNCH
0014.jpg,46,27,113,27,113,41,46,41,Walkers
0014.jpg,49,58,67,58,67,68,49,68,Oat
0014.jpg,67,55,107,55,107,68,67,68,Crunch
0014.jpg,46,208,112,201,113,215,47,224,Walkers
0014.jpg,41,237,72,237,72,249,41,249,seigion
0014.jpg,71,234,114,234,114,248,71,248,Chocolate
0014.jpg,42,358,109,358,109,374,42,374,Walkers
0014.jpg,42,392,67,392,67,404,42,404,Stem
0014.jpg,69,393,100,393,100,403,69,403,Ginger
0100.jpg,106,88,227,88,227,181,106,181,Pan
0100.jpg,32,193,296,158,293,257,43,292,Stelle
0100.jpg,201,262,323,241,322,285,206,304,Biscotto
0100.jpg,40,470,75,470,75,483,40,483,Cacao
0100.jpg,78,473,120,473,120,482,78,482,nocciole
0100.jpg,149,307,120,357,136,364,161,316,rotondo
0100.jpg,114,324,104,355,117,361,128,329,cielo
0100.jpg,120,365,125,413,138,408,135,363,essere
0100.jpg,103,379,113,420,126,417,116,373,angolo
0087.jpg,350,73,335,119,461,152,473,105,GOLF
0087.jpg,104,294,143,305,138,317,101,306,GOLF
0087.jpg,54,162,85,96,107,106,76,177,FOREST
0087.jpg,145,307,142,319,177,327,181,317,CART
0087.jpg,114,310,168,326,164,337,111,322,DRIVER
0087.jpg,163,215,184,215,184,225,163,225,GOLF
0087.jpg,186,214,200,214,200,224,186,224,TIN
0087.jpg,152,122,204,122,204,128,152,128,TRADITIONAL
0087.jpg,163,129,194,129,194,137,163,137,BISCUIT
0087.jpg,154,138,203,135,205,142,154,146,ASSORTMENT
0058.jpg,59,57,123,57,123,83,59,83,gullon
0058.jpg,23,76,198,76,198,125,23,125,SugarFree
0058.jpg,306,100,404,100,404,118,306,118,DIGESTIVE
0058.jpg,313,122,399,122,399,158,313,158,WHEATMEAL
0058.jpg,321,60,390,60,390,92,321,92,BISCUITES
0058.jpg,320,236,396,236,396,266,320,266,BISCUITS
0058.jpg,308,272,405,272,405,295,308,295,DIGESTIVE
0058.jpg,316,295,399,295,399,328,316,328,WHEATMEAL
0058.jpg,31,252,203,252,203,300,31,300,SugarFree
0058.jpg,66,232,127,232,127,255,66,255,gullon
0058.jpg,33,164,103,164,103,189,33,189,Digestive
0058.jpg,104,164,157,164,157,185,104,185,Cookies
0058.jpg,172,161,228,161,228,172,172,172,CHOLESTEROL
0058.jpg,228,162,251,162,251,171,228,171,FREE
0058.jpg,187,174,214,174,214,184,187,184,TRANS
0058.jpg,214,175,230,175,230,183,214,183,FAT
0058.jpg,174,333,229,333,229,342,174,342,CHOLESTEROL
0058.jpg,232,334,250,334,250,344,232,344,FREE
0058.jpg,190,346,215,346,215,353,190,353,TRANS
0058.jpg,108,339,160,339,160,357,108,357,Cookies
0058.jpg,35,337,105,337,105,357,35,357,Digestive
0032.jpg,141,230,342,230,342,276,141,276,Maryland
0032.jpg,368,222,405,222,405,248,368,248,NATIONS
0032.jpg,372,258,407,258,407,284,372,284,COOKIE
0028.jpg,244,223,127,237,128,295,246,278,Rich
0028.jpg,247,222,247,277,335,266,336,208,Tea
0028.jpg,263,192,178,204,178,226,275,209,McVities
0028.jpg,271,281,337,281,337,299,271,299,Classic
