0043.jpg,92,94,232,94,232,145,92,145,HiPP
0043.jpg,97,147,226,147,226,182,97,182,organic
0043.jpg,117,206,216,206,216,248,117,248,100%
0043.jpg,79,249,175,249,175,285,79,285,baby
0043.jpg,178,250,245,250,245,285,178,285,rice
0043.jpg,36,303,70,303,70,329,36,329,75p
0043.jpg,70,297,102,297,102,324,70,324,off
0043.jpg,78,466,108,466,108,481,78,481,just
0043.jpg,109,462,136,462,136,482,109,482,add
0043.jpg,136,462,181,462,181,482,136,482,babys
0043.jpg,182,467,218,467,218,483,182,483,usual
0043.jpg,217,464,247,464,247,484,217,484,milk
0043.jpg,25,462,73,462,73,485,25,485,160ge
0026.jpg,172,136,246,136,246,159,172,159,WHOLE
0026.jpg,184,155,236,155,236,180,184,180,FOOD
0026.jpg,179,176,244,176,244,204,179,204,EARTH
0026.jpg,140,229,185,229,185,251,140,251,organic
0026.jpg,186,228,247,228,247,249,186,249,Buckwheat
0026.jpg,248,227,285,227,285,247,248,247,Flakes
0005.jpg,225,210,308,210,308,244,225,244,alara
0005.jpg,225,276,277,276,277,293,225,293,dreamy
0005.jpg,278,279,307,279,307,291,278,291,oats
0005.jpg,225,294,264,294,264,304,225,304,organic
0005.jpg,265,291,307,291,307,305,265,305,porridge
0005.jpg,244,308,306,308,306,321,244,321,chocolate
0018.jpg,109,61,207,61,207,97,109,97,Holle
0018.jpg,7,7,59,7,59,26,7,26,demeter
0018.jpg,107,112,208,112,208,140,107,140,Organic
0018.jpg,17,142,101,142,101,168,17,168,Rolled
0018.jpg,108,143,172,143,172,168,108,168,Oats
0018.jpg,177,144,293,144,293,174,177,174,Porridge
0018.jpg,182,350,248,350,248,365,182,365,wholegrain
0018.jpg,250,347,279,329,289,341,254,360,cereal
0018.jpg,120,399,165,399,165,414,120,414,multiple
0018.jpg,164,399,188,399,188,412,164,412,use
0018.jpg,98,443,132,443,132,464,98,464,from
#0018.jpg,142,440,166,440,166,469,142,469,6
0018.jpg,179,441,230,441,230,463,179,463,months
0018.jpg,250,468,299,468,299,491,250,491,e250g
0092.jpg,160,186,293,186,293,221,160,221,HEAPS
#0092.jpg,299,190,341,190,341,214,299,214,OF
0092.jpg,186,226,316,226,316,262,186,262,FRUIT
0092.jpg,194,273,285,273,285,293,194,293,BANANA
0092.jpg,184,296,313,296,313,311,184,311,STRAWBERRY
0092.jpg,223,321,276,321,276,335,223,335,2MINS
0092.jpg,163,144,212,144,212,177,163,177,oat
#0092.jpg,214,147,247,147,247,178,214,178,So
0092.jpg,255,144,339,144,339,180,255,180,Simple
0092.jpg,206,82,297,82,297,108,206,108,QUAKER
0092.jpg,231,101,272,101,272,119,231,119,OATS
0092.jpg,125,54,176,44,180,62,127,73,FRUIT
0092.jpg,131,73,178,63,181,74,132,86,PIECES
0092.jpg,133,43,164,36,168,50,136,55,REAL
0001.jpg,17,149,175,149,175,182,17,182,PORRIDGE
0001.jpg,177,149,290,149,290,182,177,182,FLAKES
0001.jpg,127,178,152,178,152,192,127,192,Full
#0001.jpg,154,180,166,180,166,191,154,191,of
0001.jpg,169,181,216,181,216,191,169,191,natural
0001.jpg,217,180,282,180,282,193,217,193,goodness
0001.jpg,19,128,84,128,84,161,19,161,Organic
0001.jpg,87,126,142,126,142,154,87,154,Speld
0001.jpg,65,80,182,80,182,102,65,102,SHARPHAM
0001.jpg,188,80,242,80,242,101,188,101,PARK
0001.jpg,239,124,270,124,270,142,239,142,500g
0001.jpg,22,219,188,219,188,239,22,239,WHOLEGRAINS
0001.jpg,21,240,84,240,84,264,21,264,HIGH
0001.jpg,120,241,187,241,187,264,120,264,FIBRE
#0001.jpg,89,241,116,241,116,263,89,263,IN
0001.jpg,21,266,100,266,100,279,21,279,NATURALLY
0001.jpg,102,265,135,265,135,280,102,280,HIGH
#0001.jpg,138,267,153,267,153,279,138,279,IN
0001.jpg,155,265,188,265,188,278,155,278,IRON
0001.jpg,36,310,67,303,69,317,39,324,LOW
#0001.jpg,67,304,85,304,85,317,67,317,IN
0001.jpg,31,326,94,313,97,325,33,340,SATURATED
0001.jpg,49,335,82,329,85,345,56,352,FAT
0001.jpg,66,456,257,456,257,473,66,473,greatbritishspeltrecipes
0001.jpg,259,455,293,455,293,471,259,471,com
0075.jpg,202,133,386,133,386,213,202,213,Scotts
0075.jpg,201,217,310,217,310,253,201,253,PORAGE
0075.jpg,319,217,386,217,386,251,319,251,OATS
0075.jpg,241,262,350,262,350,280,241,280,ORIGINAL
0075.jpg,215,284,280,284,280,297,215,297,SCOTTISH
0075.jpg,287,285,337,285,337,295,287,295,MILLED
0075.jpg,344,283,377,283,377,297,344,297,OATS
0075.jpg,264,318,291,308,291,322,265,330,taste
0075.jpg,237,325,263,319,264,334,237,340,true
#0075.jpg,301,319,313,319,313,335,301,335,of
0075.jpg,363,308,315,321,317,333,368,321,scotland
0075.jpg,217,325,236,325,236,340,217,340,The
0021.jpg,136,108,351,108,351,165,136,165,Aptamil
0021.jpg,261,156,341,156,341,172,261,172,Pronutravi
0021.jpg,166,179,249,179,249,198,166,198,Creamed
0021.jpg,252,182,332,182,332,200,252,200,porridge
0021.jpg,232,233,267,233,267,244,232,244,Fortified
0021.jpg,226,244,248,244,248,255,226,255,with
0021.jpg,250,243,274,243,274,255,250,255,iron
0021.jpg,237,255,271,255,271,265,237,265,support
#0021.jpg,227,255,238,255,238,265,227,265,to
0021.jpg,236,267,261,267,261,277,236,277,brain
0021.jpg,219,276,278,276,278,288,219,288,development
0021.jpg,323,448,373,448,373,461,323,461,months
#0021.jpg,312,408,333,408,333,442,312,442,4
#0021.jpg,349,406,372,406,372,442,349,442,6
0064.jpg,107,62,207,62,207,100,107,100,Holle
0064.jpg,5,9,62,9,62,30,5,30,demeter
0064.jpg,18,228,67,219,67,231,20,239,wholegrain
0064.jpg,19,238,44,233,45,243,22,247,cereal
0064.jpg,17,266,49,260,50,272,18,277,instant
0064.jpg,19,277,69,268,69,280,19,288,preparation
0064.jpg,18,307,38,304,39,313,19,316,easy
#0064.jpg,39,302,50,302,50,312,39,312,to
0064.jpg,17,317,46,310,47,322,18,327,digest
0064.jpg,62,143,130,143,130,174,62,174,Spelt
0064.jpg,137,147,252,147,252,177,137,177,Porridge
0064.jpg,109,117,209,117,209,142,109,142,Organic
0064.jpg,188,346,220,346,220,358,188,358,added
0064.jpg,220,347,249,339,251,349,222,359,sugar
#0064.jpg,249,336,261,336,261,347,249,347,or
0064.jpg,260,337,276,325,282,334,263,346,salt
#0064.jpg,174,346,187,346,187,356,174,356,no
0064.jpg,210,363,237,357,239,370,213,373,dairy
0064.jpg,235,356,258,351,259,364,240,369,free
0064.jpg,117,397,165,397,165,411,117,411,multiple
0064.jpg,166,399,185,399,185,412,166,412,use
0064.jpg,74,409,96,409,96,422,74,422,milk
0064.jpg,97,413,140,413,140,423,97,423,porridge
0064.jpg,145,412,169,412,169,423,145,423,dairy
0064.jpg,171,411,189,411,189,424,171,424,free
0064.jpg,192,412,232,412,232,425,192,425,porridge
0064.jpg,176,443,227,443,227,459,176,459,months
0064.jpg,96,442,130,442,130,458,96,458,from
#0064.jpg,143,439,165,439,165,463,143,463,6
0064.jpg,245,466,295,466,295,486,245,486,e250g
0085.jpg,80,112,231,112,231,160,80,160,HEINZ
0085.jpg,80,181,237,181,237,224,80,224,blueberry
0085.jpg,81,224,232,224,232,266,81,266,porridge
0085.jpg,94,274,224,274,224,308,94,308,breakfast
#0085.jpg,272,21,290,21,290,47,272,47,7
0085.jpg,267,47,305,47,305,60,267,60,months
0085.jpg,259,58,283,73,276,92,249,74,soft
0085.jpg,281,79,315,61,323,72,282,96,pieces
0085.jpg,241,350,277,350,277,378,241,378,good
0085.jpg,277,348,314,348,314,370,277,370,stuff
0085.jpg,212,347,240,347,240,373,212,373,the
0085.jpg,6,474,87,474,87,499,6,499,farley's
0015.jpg,396,279,208,300,210,366,401,335,porridge
0015.jpg,269,354,213,367,214,399,275,390,oat
0015.jpg,398,334,307,349,308,387,402,380,barley
0015.jpg,267,395,211,403,211,428,270,420,simply
0015.jpg,268,395,269,420,329,410,323,387,creamy
0015.jpg,324,387,325,410,357,404,356,383,oats
0015.jpg,230,424,282,418,280,439,229,445,barley
0015.jpg,347,159,383,159,383,181,347,181,WIN
0015.jpg,228,155,310,188,301,213,217,181,dorset
0015.jpg,219,188,310,218,307,242,214,214,cereals
0015.jpg,355,63,397,63,397,85,355,85,10big
0015.jpg,352,86,405,86,405,102,352,102,sachets
0015.jpg,147,91,178,105,174,118,143,105,dorset
0015.jpg,144,106,180,123,176,137,140,120,cereals
0015.jpg,332,192,399,192,399,208,332,208,woodland
0015.jpg,361,208,389,208,389,218,361,218,50000
0015.jpg,348,181,367,181,367,191,348,191,your
0015.jpg,369,183,384,183,384,190,369,190,own
0015.jpg,306,105,325,147,337,139,317,99,mins
#0015.jpg,314,80,302,90,308,102,323,91,3
0015.jpg,365,431,400,423,401,441,363,447,420ge
0025.jpg,80,218,392,218,392,329,80,329,wraps
0025.jpg,171,188,296,178,298,211,172,224,PALEO
0025.jpg,333,90,383,110,375,127,324,108,GLUTEN
0025.jpg,332,111,366,124,358,137,329,127,FREE
0025.jpg,59,392,91,392,91,406,59,406,Paleo
0025.jpg,92,394,127,394,127,405,92,405,Wraps
0025.jpg,127,395,145,395,145,403,127,403,are
0025.jpg,148,390,170,390,170,405,148,405,also
0025.jpg,173,388,200,388,200,404,173,404,GMO
0025.jpg,206,388,236,388,236,402,206,402,FREE
0025.jpg,240,391,261,391,261,401,240,401,and
#0025.jpg,264,390,279,390,279,401,264,401,NO
0025.jpg,283,387,312,387,312,401,283,401,SALT
0025.jpg,315,387,357,387,357,401,315,401,ADDED
#0025.jpg,59,407,78,407,78,419,59,419,DO
0025.jpg,82,404,105,404,105,419,82,419,NOT
0025.jpg,108,405,155,405,155,417,108,417,FREEZE
#0025.jpg,159,404,176,404,176,417,159,417,No
0025.jpg,178,404,206,404,206,416,178,416,need
#0025.jpg,207,404,219,404,219,416,207,416,to
0025.jpg,219,404,276,404,276,417,219,417,refrigerate
0025.jpg,276,403,308,403,308,416,276,416,either
0025.jpg,61,437,79,437,79,449,61,449,Net
0025.jpg,138,435,157,435,157,449,138,449,98g
0105.jpg,159,218,334,218,334,280,159,280,SUGAVIDA
0105.jpg,231,169,249,169,249,182,231,182,USE
0105.jpg,248,169,268,169,268,182,248,182,50%
0105.jpg,226,182,248,182,248,194,226,194,LESS
0105.jpg,248,183,272,183,272,194,248,194,THAN
0105.jpg,235,195,264,195,264,208,235,208,SUGAR
0105.jpg,159,302,231,309,230,332,158,323,NATURAL
0105.jpg,159,324,232,333,231,350,158,342,SWEETENER
0105.jpg,158,345,234,349,234,366,160,360,ONTHEPLANET
0105.jpg,241,294,259,294,259,365,241,365,UNREFINED
0105.jpg,259,294,276,294,276,351,259,351,ORGANIC
0105.jpg,285,294,316,294,316,313,285,313,LOW
0105.jpg,285,321,317,321,317,339,285,339,RICH
0105.jpg,285,343,337,343,337,363,285,363,VITAMINS
#0105.jpg,319,317,329,317,329,337,319,337,IN
#0105.jpg,319,293,329,293,329,310,319,310,GI
0105.jpg,250,394,269,394,269,406,250,406,NET
0105.jpg,290,394,309,394,309,405,290,405,250g
0044.jpg,89,60,163,60,163,85,89,85,Organic
0044.jpg,166,59,231,59,231,84,166,84,Gluten
0044.jpg,232,59,273,59,273,87,232,87,free
0044.jpg,121,18,206,18,206,44,121,44,Barkat
0044.jpg,71,88,190,88,190,131,71,131,Porridge
0044.jpg,196,88,286,88,286,128,196,128,Flakes
0044.jpg,277,156,305,156,305,175,277,175,Gluten
0044.jpg,306,157,326,157,326,173,306,173,Free
0044.jpg,274,183,304,183,304,198,274,198,Wheat
0044.jpg,304,185,324,185,324,198,304,198,Free
0044.jpg,276,209,298,209,298,224,276,224,Milk
0044.jpg,298,209,318,209,318,224,298,224,Free
0044.jpg,273,236,291,236,291,252,273,252,Egg
0044.jpg,289,236,310,236,310,251,289,251,Free
0044.jpg,273,261,299,261,299,275,273,275,Yeast
0044.jpg,299,262,317,262,317,276,299,276,Free
0044.jpg,305,455,323,455,323,467,305,467,500g
0013.jpg,31,64,118,59,119,87,35,91,taste
0013.jpg,50,46,95,43,97,61,50,64,great
0013.jpg,168,236,213,236,213,247,168,247,organic
0013.jpg,215,231,250,231,250,248,215,248,gluten
0013.jpg,249,233,274,233,274,248,249,248,free
0013.jpg,167,247,234,247,234,264,167,264,Scottish
0013.jpg,239,248,273,248,273,263,239,263,oats
0013.jpg,158,272,274,272,274,294,158,294,porridge
0013.jpg,22,411,173,411,173,441,22,441,GLUTEN
0013.jpg,184,410,282,410,282,442,184,442,FREE
0013.jpg,22,444,183,444,183,474,22,474,ORGANIC
0013.jpg,192,442,284,442,284,472,192,472,OATS
0013.jpg,220,316,275,316,275,326,220,326,traditionally
0013.jpg,190,316,217,316,217,325,190,325,flakes
0013.jpg,174,315,191,315,191,325,174,325,oat
0013.jpg,211,303,239,303,239,313,211,313,finest
0013.jpg,239,303,274,303,274,314,239,314,Scottish
0013.jpg,220,327,244,327,244,337,220,337,stone
0013.jpg,247,325,274,325,274,337,247,337,milled
0045.jpg,73,231,285,185,297,234,91,284,BREAKFAST
0045.jpg,107,197,174,182,179,199,112,218,McVities
0045.jpg,337,235,420,235,420,264,337,264,BAKES
0045.jpg,337,217,375,217,375,234,337,234,FRUIT
0045.jpg,392,216,415,216,415,234,392,234,OAT
0045.jpg,355,178,395,178,395,201,355,201,NEW
0045.jpg,338,270,389,270,389,285,338,285,PORRIDGE
0045.jpg,389,270,417,270,417,284,389,284,OATS
0045.jpg,367,283,401,283,401,299,367,299,APPLE
0045.jpg,351,308,392,308,392,325,351,325,5PACKS
0045.jpg,363,323,394,323,394,334,363,334,2SLICES
0099.jpg,67,266,271,266,271,327,67,327,believe
0099.jpg,83,329,137,329,137,342,83,342,smarter
0099.jpg,135,329,166,329,166,343,135,343,way
0099.jpg,184,326,214,326,214,342,184,342,start
0099.jpg,213,329,245,329,245,343,213,343,your
0099.jpg,245,327,272,327,272,345,245,345,day
#0099.jpg,167,327,180,327,180,343,167,343,to
0099.jpg,86,61,149,61,149,78,86,78,VITAMINS
0099.jpg,68,77,135,77,135,93,68,93,MINERALS
0099.jpg,68,95,149,95,149,109,68,109,SUPERFOODS
#0099.jpg,70,59,84,59,84,77,70,77,17
0099.jpg,273,11,301,11,301,23,273,23,YOUR
0099.jpg,273,22,303,22,303,34,273,34,DAILY
0099.jpg,261,33,315,33,315,45,261,45,VITAMINS
0099.jpg,261,46,316,46,316,57,261,57,INCLUDED
0099.jpg,71,357,117,357,117,374,71,374,Beauty
0099.jpg,119,357,181,357,181,375,119,375,Breakfast
0099.jpg,182,358,227,358,227,375,182,375,Cereal
#0099.jpg,71,416,82,416,82,430,71,430,17
0099.jpg,83,417,123,417,123,431,83,431,vitamins
0099.jpg,129,419,170,419,170,431,129,431,minerals
0099.jpg,170,419,190,419,190,429,170,429,and
0099.jpg,192,419,244,419,244,432,192,432,superfoods
0072.jpg,29,69,110,69,110,98,29,98,Super
0072.jpg,111,70,179,70,179,100,111,100,FOODS
0072.jpg,51,56,97,56,97,72,51,72,Power
#0072.jpg,99,55,118,55,118,72,99,72,of
0072.jpg,120,56,169,56,169,73,120,73,GREEN
0072.jpg,25,107,70,107,70,123,25,123,CREAMY
0072.jpg,75,104,103,104,103,120,75,120,OAT
0072.jpg,106,104,149,104,149,121,106,121,BASED
0072.jpg,151,106,186,106,186,125,151,125,CEREAL
0072.jpg,26,132,48,132,48,143,26,143,MADE
0072.jpg,49,129,115,129,115,143,49,143,EXCLUSIVELY
#0072.jpg,119,130,133,130,133,140,119,140,OF
0072.jpg,134,128,165,128,165,143,134,143,SUPER
0072.jpg,165,130,184,130,184,145,165,145,FOODS
0072.jpg,213,215,258,215,258,231,213,231,Power
#0072.jpg,263,213,279,213,279,230,263,230,of
0072.jpg,283,213,336,213,336,235,283,235,BROWN
0072.jpg,198,228,276,228,276,257,198,257,SUPER
0072.jpg,277,230,344,230,344,257,277,257,FOODS
0072.jpg,187,265,237,265,237,280,187,280,CREAMY
0072.jpg,240,264,271,264,271,279,240,279,OAT
0072.jpg,274,265,315,265,315,281,274,281,BASED
0072.jpg,319,267,349,267,349,282,319,282,CEREAL
0072.jpg,317,75,386,75,386,102,317,102,SUPER
0072.jpg,390,75,462,75,462,102,390,102,FOODS
0072.jpg,339,61,383,61,383,77,339,77,Power
#0072.jpg,388,58,405,58,405,74,388,74,of
0072.jpg,408,57,441,57,441,75,408,75,RED
0072.jpg,307,116,349,116,349,128,307,128,CREAMY
0072.jpg,354,114,379,114,379,125,354,125,OAT
0072.jpg,387,110,430,110,430,127,387,127,BASED
0072.jpg,435,111,470,111,470,129,435,129,CEREAL
0072.jpg,189,289,213,289,213,301,189,301,MADE
0072.jpg,214,290,282,290,282,301,214,301,EXCLUSIVELY
#0072.jpg,285,290,298,290,298,301,285,301,OF
0072.jpg,301,290,329,290,329,301,301,301,SUPER
0072.jpg,329,290,348,290,348,302,329,302,FOODS
0072.jpg,262,305,293,318,289,327,260,318,free
0072.jpg,207,324,252,304,257,318,214,336,gluten
0072.jpg,195,338,187,390,201,391,209,334,organic
0072.jpg,205,364,212,364,212,394,205,394,JUST
0072.jpg,216,344,206,360,215,368,225,349,ADD
0072.jpg,219,338,246,326,249,338,224,348,COLD
0072.jpg,249,325,288,330,285,346,250,339,WATER
0072.jpg,310,319,337,319,337,332,310,332,cacao
0072.jpg,308,337,336,337,336,348,308,348,maca
0072.jpg,240,347,280,347,280,366,240,366,INSIDE
0072.jpg,230,358,219,391,232,397,243,363,SPOON
0072.jpg,373,152,407,152,407,173,373,173,free
0072.jpg,329,137,394,137,394,150,329,150,EXCLUSIVELY
#0072.jpg,398,136,410,136,410,149,398,149,OF
0072.jpg,415,137,447,137,447,149,415,149,SUPER
0072.jpg,447,138,471,138,471,149,447,149,FOODS
0072.jpg,310,141,330,141,330,150,310,150,MADE
0072.jpg,422,166,467,166,467,177,422,177,strawberry
0072.jpg,422,177,443,177,443,192,422,192,goji
0072.jpg,425,191,462,191,462,202,425,202,beetroot
0072.jpg,367,197,394,197,394,213,367,213,side
0072.jpg,358,176,400,176,400,190,358,190,WATER
0072.jpg,91,144,126,144,126,164,91,164,free
0072.jpg,42,166,88,147,93,159,48,175,gluten
0072.jpg,54,180,78,167,83,177,60,190,cold
0072.jpg,52,183,61,192,50,209,42,202,ADD
0072.jpg,39,207,51,207,51,233,39,233,just
0072.jpg,73,190,111,190,111,203,73,203,INSIDE
0072.jpg,66,199,54,233,68,237,77,205,SPOON
0072.jpg,82,165,121,165,121,182,82,182,WATER
0072.jpg,143,159,167,159,167,170,143,170,green
0094.jpg,190,88,301,88,301,115,190,115,Grace
0094.jpg,186,136,301,136,301,157,186,157,INSTANT
0094.jpg,165,73,230,51,234,63,168,85,QUALITY
0094.jpg,236,52,280,52,280,66,236,66,SINCE
0094.jpg,287,57,323,74,319,84,285,69,1922
0094.jpg,87,146,391,146,391,210,87,210,Cornmeal
0094.jpg,117,205,380,205,380,288,117,288,Porridge
0094.jpg,81,317,123,317,123,346,81,346,60ge
0094.jpg,395,66,414,85,419,74,402,56,SOURCE
0094.jpg,428,89,420,100,430,132,439,125,ESSENTIAL
0094.jpg,391,68,384,80,406,102,414,91,Vitamins
0094.jpg,417,100,409,110,418,141,430,136,Minerals
0047.jpg,139,150,357,118,358,188,139,218,FLAHAVAN'S
0047.jpg,201,195,303,195,303,217,201,217,IRISH
0047.jpg,140,52,221,52,221,75,140,75,TRUSTED
0047.jpg,224,51,260,51,260,73,224,73,FOR
0047.jpg,263,50,297,50,297,74,263,74,200
0047.jpg,300,50,356,50,356,74,300,74,YEARS
0047.jpg,164,19,225,19,225,24,164,24,ORIGINAL
0047.jpg,164,222,279,222,279,237,164,237,PORRIDGE
0047.jpg,284,221,340,221,340,237,284,237,OATS
0047.jpg,180,240,220,240,220,252,180,252,Delicious
0047.jpg,220,239,254,239,254,253,220,253,Creamy
0047.jpg,255,239,277,239,277,252,255,252,Taste
0047.jpg,277,240,294,240,294,251,277,251,and
0047.jpg,295,240,328,240,328,250,295,250,Texture
0047.jpg,198,357,310,357,310,375,198,375,ORIGINAL
0047.jpg,199,382,257,382,257,392,199,392,FLAHAVAN
0047.jpg,271,382,300,382,300,391,271,391,SONS
0047.jpg,303,382,325,382,325,390,303,390,LTD
0047.jpg,159,448,351,448,351,470,159,470,IRELANDS
0047.jpg,201,408,224,408,224,429,201,429,500g
0098.jpg,132,164,264,186,247,249,105,207,sunny
0098.jpg,147,84,246,84,246,111,147,111,Cow
0098.jpg,164,118,266,118,266,147,164,147,Gate
0098.jpg,255,175,354,94,371,136,265,214,start
0098.jpg,245,240,382,240,382,271,245,271,tropical
0098.jpg,304,276,378,276,378,306,304,306,fruit
0098.jpg,299,312,360,312,360,334,299,334,cere
0098.jpg,322,204,375,204,375,229,322,229,onwards
0098.jpg,338,170,367,170,367,184,338,184,from
#0098.jpg,334,185,372,185,372,214,334,214,7m
0098.jpg,374,432,452,432,452,475,374,475,MTH
#0098.jpg,376,332,412,332,412,415,376,415,7
0042.jpg,97,243,153,243,153,260,97,260,BROWN
0042.jpg,153,242,203,242,203,260,153,260,SUGAR
0042.jpg,105,212,193,212,193,242,105,242,EGGS
0042.jpg,66,184,233,184,233,210,66,210,DiNOSAUR
0042.jpg,87,166,147,166,147,177,87,177,INSTANT
0042.jpg,151,165,216,165,216,178,151,178,OATMEAL
0042.jpg,87,89,212,89,212,125,87,125,QUAKER
0042.jpg,43,381,70,381,70,392,43,392,Good
0042.jpg,36,391,69,391,69,400,36,400,source
0042.jpg,33,401,81,401,81,412,33,412,CALCIUM
0042.jpg,48,411,76,411,76,422,48,422,IRON
0046.jpg,84,121,178,121,178,178,84,178,HOT
0046.jpg,216,122,415,122,415,178,216,178,STEAMY
0046.jpg,183,124,215,124,215,177,183,177,AND
0046.jpg,223,84,332,84,332,121,223,121,Gluten
0046.jpg,345,85,413,85,413,118,345,118,Free
0046.jpg,156,40,103,68,89,53,149,19,NATURE
0046.jpg,171,43,200,66,212,57,177,28,PATH
0046.jpg,114,95,187,95,187,111,114,111,ORGANIC
0046.jpg,84,181,296,181,296,232,84,232,PORRIDGE
0046.jpg,305,181,409,181,409,230,305,230,OATS
0046.jpg,186,395,243,395,243,411,186,411,ORIGINAL
0046.jpg,186,421,228,421,228,434,186,434,SPICED
0046.jpg,232,419,274,419,274,436,232,436,APPLE
0046.jpg,185,444,230,444,230,457,185,457,MAPLE
0046.jpg,128,399,145,399,145,456,128,456,SACHETS
0046.jpg,284,404,309,404,309,435,284,435,WHOLE
0046.jpg,310,404,331,404,331,434,310,434,GRAIN
0069.jpg,100,95,235,95,235,140,100,140,HiPP
0069.jpg,109,183,132,183,132,201,109,201,Bio
0069.jpg,137,183,236,183,236,204,137,204,Getreidebrei
0069.jpg,82,209,263,209,263,243,82,243,Reisflocken
0069.jpg,220,291,247,291,247,299,220,299,OHNE
0069.jpg,212,301,257,301,257,312,212,312,ZUCKER
0069.jpg,217,312,252,312,252,322,217,322,ZUSATZ
0069.jpg,32,247,60,247,60,392,32,392,Vorteilspack
0069.jpg,32,411,65,411,65,469,32,469,400g
0074.jpg,63,187,204,187,204,236,63,236,Organix
0074.jpg,293,187,437,187,437,241,293,241,Organix
0074.jpg,60,431,204,431,204,487,60,487,Organix
0074.jpg,293,435,432,435,432,486,293,486,Organix
0053.jpg,12,128,102,128,102,155,12,155,dorset
0053.jpg,13,157,117,157,117,179,13,179,cereals
0053.jpg,13,180,114,180,114,201,13,201,porridge
0053.jpg,14,201,60,201,60,215,14,215,creamy
0053.jpg,62,202,102,202,102,215,62,215,jumbo
0053.jpg,14,216,41,216,41,228,14,228,oats
0053.jpg,44,215,65,215,65,228,44,228,and
0053.jpg,67,217,106,217,106,228,67,228,barley
0053.jpg,180,127,271,127,271,155,180,155,dorset
0053.jpg,183,152,286,152,286,176,183,176,cereals
0053.jpg,181,179,283,179,283,203,181,203,porridge
0053.jpg,183,202,228,202,228,214,183,214,creamy
0053.jpg,230,201,267,201,267,215,230,215,jumbo
0053.jpg,183,217,209,217,209,227,183,227,oats
0053.jpg,211,216,232,216,232,226,211,226,and
0053.jpg,236,217,276,217,276,229,236,229,barley
0006.jpg,186,44,317,44,317,105,186,105,Ellas
0006.jpg,196,101,302,101,302,131,196,131,kitchen
0006.jpg,104,287,202,248,216,281,122,319,mango
0006.jpg,228,233,335,192,352,221,240,262,banana
0006.jpg,130,231,290,173,306,201,131,266,strawberry
0006.jpg,158,187,226,156,239,184,170,211,wakey
0006.jpg,229,164,300,130,314,156,245,187,wakey
0006.jpg,197,294,338,231,356,274,214,331,porridge
0048.jpg,123,13,227,13,227,50,123,50,kelloggs
0048.jpg,324,112,371,112,371,130,324,130,new
0048.jpg,122,84,238,84,238,121,122,121,special
0048.jpg,247,266,339,266,339,301,247,301,Super
0048.jpg,251,304,379,304,379,340,251,340,Porridge
0048.jpg,260,340,300,340,300,356,260,356,Grains
0048.jpg,248,357,278,357,278,373,248,373,with
0048.jpg,278,357,340,357,340,375,278,375,Raspberry
0048.jpg,250,375,331,375,331,390,250,390,Pomegranate
0048.jpg,262,390,315,390,315,405,262,405,Pumpkin
0048.jpg,318,389,354,389,354,405,318,405,Seeds
0036.jpg,97,259,294,259,294,333,97,333,Organix
0036.jpg,134,348,235,348,235,369,134,369,multigrain
0036.jpg,237,344,285,344,285,366,237,366,mini
0036.jpg,150,372,212,372,212,388,150,388,cereal
0036.jpg,214,367,266,367,266,392,214,392,puffs
0036.jpg,135,396,166,396,166,412,135,412,with
0036.jpg,168,396,211,396,211,411,168,411,added
0036.jpg,212,396,263,396,263,412,212,412,vitamin
#0036.jpg,265,397,281,397,281,410,265,410,B1
0036.jpg,253,64,295,64,295,77,253,77,Stage2
0036.jpg,256,55,291,55,291,66,256,66,months
0036.jpg,177,13,229,13,229,24,177,24,Learning
0036.jpg,174,25,191,25,191,31,174,31,new
0036.jpg,195,23,242,23,242,31,195,31,textures
0036.jpg,227,448,276,448,276,460,227,460,nojunk
0036.jpg,234,462,294,462,294,473,234,473,promise
0076.jpg,196,204,237,204,237,219,196,219,Barley
0076.jpg,241,204,283,204,283,217,241,217,Flakes
0076.jpg,225,224,257,224,257,242,225,242,1kg
0076.jpg,206,191,248,191,248,202,206,202,Organically
0076.jpg,248,191,275,191,275,201,248,201,Grown
0076.jpg,198,164,267,164,267,176,198,176,wholeFoods
0076.jpg,268,162,296,162,296,175,268,175,Online
0076.jpg,201,295,228,295,228,304,201,304,0800
0076.jpg,231,293,257,293,257,303,231,303,0431
0076.jpg,259,293,279,293,279,303,259,303,455
0065.jpg,138,143,367,143,367,242,138,242,Ready
0065.jpg,162,236,342,236,342,314,162,314,brek
0065.jpg,191,319,228,319,228,333,191,333,super
0065.jpg,229,317,277,317,277,333,229,333,smooth
0065.jpg,177,335,333,335,333,383,177,383,porridge
0065.jpg,184,408,341,408,341,459,184,459,chocolate
0065.jpg,352,436,392,436,392,462,352,462,450g
#0065.jpg,136,415,159,415,159,441,136,441,15
0065.jpg,123,440,174,440,174,458,123,458,servings
0065.jpg,145,34,200,34,200,44,145,44,VITAMINS
0065.jpg,209,31,266,31,266,45,209,45,MINERALS
0065.jpg,290,33,366,33,366,45,290,45,WHOLEGRAIN
0065.jpg,368,34,397,34,397,44,368,44,OATS
0065.jpg,336,51,365,51,365,63,336,63,HIGH
0065.jpg,366,51,397,51,397,62,366,62,FIBRE
0065.jpg,216,142,281,121,281,145,217,162,Weetabix
0028.jpg,54,148,147,148,147,170,54,170,Mornflake
0028.jpg,55,171,171,171,171,203,55,203,JUMBO
0028.jpg,54,205,144,205,144,237,54,237,OATS
0028.jpg,53,432,92,432,92,441,53,441,JUMBO
0028.jpg,54,442,82,442,82,454,54,454,OATS
0028.jpg,120,88,163,88,163,103,120,103,LOWER
0028.jpg,124,103,210,103,210,120,124,120,CHOLESTEROL
0097.jpg,182,29,301,29,301,50,182,50,ORGANIC
0097.jpg,39,51,305,51,305,101,39,101,amisa
0097.jpg,132,117,232,117,232,136,132,136,GLUTEN
0097.jpg,240,117,299,117,299,138,240,138,FREE
0097.jpg,51,162,107,162,107,192,51,192,four
0097.jpg,113,165,182,165,182,195,113,195,grain
0097.jpg,187,166,296,166,296,195,187,195,porridge
0097.jpg,98,195,170,195,170,215,98,215,delicious
0097.jpg,175,195,204,195,204,214,175,214,and
0097.jpg,208,196,297,196,297,216,208,216,nourishing
0097.jpg,133,216,181,216,181,233,133,233,blend
#0097.jpg,183,215,199,215,199,232,183,232,of
0097.jpg,203,217,237,217,237,232,203,232,oats
0097.jpg,246,217,290,217,290,233,246,233,millet
0097.jpg,109,236,186,236,186,252,109,252,amaranth
0097.jpg,205,234,296,234,296,253,205,253,buckwheat
0097.jpg,13,474,80,474,80,493,13,493,300ge
0097.jpg,12,134,40,134,40,146,12,146,GLUTEN
0097.jpg,42,137,61,137,61,145,42,145,FREE
0057.jpg,35,26,296,26,296,112,35,112,JORDANS
0057.jpg,92,247,277,247,277,298,92,298,ORGANIC
0057.jpg,78,296,286,296,286,345,78,345,PORRIDGE
0057.jpg,114,345,220,345,220,379,114,379,CHUNKY
0057.jpg,89,377,243,377,243,406,89,406,TRADITIONAL
0057.jpg,114,408,150,408,150,424,114,424,whole
0057.jpg,151,407,192,407,192,426,151,426,jumbo
0057.jpg,193,406,224,406,224,424,193,424,oats
0057.jpg,130,438,182,438,182,462,130,462,British
0057.jpg,181,435,222,435,222,460,181,460,oats
0057.jpg,217,431,255,412,262,428,225,452,from
0057.jpg,257,411,285,368,302,375,263,431,organic
0057.jpg,292,322,283,366,306,375,314,323,farms
0057.jpg,281,471,324,471,324,490,281,490,750ge
