0026.jpg,36,234,163,234,163,290,36,290,FAIRY
0026.jpg,47,294,86,294,86,312,47,312,clean
0026.jpg,106,296,147,296,147,311,106,311,fresh
0026.jpg,60,84,105,90,104,76,59,73,IRRESISTIBLE
0026.jpg,106,79,145,73,147,84,106,90,FRESHNESS
0026.jpg,70,85,112,90,111,99,69,97,INCREDIBLE
0026.jpg,111,89,133,86,133,96,112,98,PRICE
0005.jpg,71,207,163,207,163,242,71,242,Floor
0005.jpg,69,242,153,242,153,280,69,280,Care
0005.jpg,157,243,201,243,201,279,157,279,Kit
0005.jpg,236,160,296,160,296,176,236,176,Karndean
0018.jpg,178,138,261,120,266,154,179,177,Hob
0018.jpg,177,173,331,143,333,198,179,228,Brite
0018.jpg,200,226,262,209,263,223,200,241,sparkling
0018.jpg,263,209,297,199,299,212,266,222,clean
0018.jpg,299,196,334,199,333,212,299,210,hobs
0018.jpg,178,320,225,320,225,333,178,333,electric
0018.jpg,229,321,275,321,275,333,229,333,ceramic
0018.jpg,284,320,333,320,333,333,284,333,halogen
0018.jpg,225,332,280,332,280,345,225,345,induction
0018.jpg,281,332,311,332,311,345,281,345,hobs
0075.jpg,177,260,341,260,341,327,177,327,cloth
0075.jpg,282,96,381,96,381,126,282,126,STARTER
0075.jpg,319,127,383,127,383,153,319,153,PACK
0075.jpg,316,69,380,69,380,102,316,102,cloths
0075.jpg,115,329,171,329,171,355,115,355,perfect
0075.jpg,174,328,235,328,235,353,174,353,cleaning
0075.jpg,233,331,266,331,266,351,233,351,with
0075.jpg,268,330,296,330,296,352,268,352,just
0075.jpg,298,332,341,332,341,349,298,349,water
0075.jpg,73,132,117,161,123,139,80,120,HEALTHY
0075.jpg,133,73,75,103,67,75,132,55,CHEMICAL
0064.jpg,12,276,109,276,109,317,12,317,Domestos
0064.jpg,15,351,115,351,115,381,15,381,EXTENDEO
0064.jpg,21,380,66,380,66,398,21,398,GERM
0064.jpg,76,383,109,383,109,396,76,396,KILL
0085.jpg,39,233,161,233,161,285,39,285,FAIRY
0085.jpg,52,286,94,286,94,308,52,308,clean
0085.jpg,108,285,150,285,150,308,108,308,fresh
0037.jpg,162,172,395,172,395,284,162,284,dryel
0037.jpg,92,56,155,56,155,82,92,82,GENTLY
0037.jpg,151,55,201,55,201,81,151,81,CLEAN
0037.jpg,200,59,243,59,243,84,200,84,YOUR
0037.jpg,240,64,301,64,301,86,240,86,SPECIAL
0037.jpg,300,66,338,66,338,84,300,84,CARE
0037.jpg,338,65,401,65,401,86,338,86,CLOTHES
0037.jpg,236,345,305,345,305,381,236,381,DRYER
0037.jpg,310,346,403,346,403,376,310,376,CLEANER
0037.jpg,132,352,205,352,205,386,132,386,30MIN
0037.jpg,158,378,208,378,208,402,158,402,fading
0037.jpg,235,374,303,374,303,399,235,399,shrinking
0037.jpg,328,370,401,370,401,395,328,395,stretching
0084.jpg,166,335,253,335,253,363,166,363,vileda
0084.jpg,165,356,240,371,235,386,160,375,SuperMoclo
0070.jpg,119,38,195,38,195,72,119,72,Ambi
0070.jpg,136,71,191,71,191,100,136,100,Pur
#0070.jpg,336,18,373,18,373,46,336,46,90
0070.jpg,336,43,368,43,368,61,336,61,DAYS
0070.jpg,110,152,166,152,166,167,110,167,DIFFUSER
0070.jpg,174,347,230,347,230,364,174,364,REFILLS
0070.jpg,231,349,268,349,268,363,231,363,SOLD
0070.jpg,178,365,269,365,269,385,178,385,separately
0070.jpg,113,114,134,114,134,127,113,127,With
0070.jpg,142,113,171,113,171,125,142,125,touch
0070.jpg,192,106,229,106,229,127,192,127,febreze
0071.jpg,51,321,139,321,139,343,51,343,Window
0071.jpg,58,340,134,340,134,361,58,361,Cleaner
0071.jpg,76,405,114,405,114,423,76,423,Vinegar
0044.jpg,184,137,225,137,225,161,184,161,KILLS
0044.jpg,225,136,263,136,263,160,225,160,FLU
0044.jpg,262,140,313,140,313,159,262,159,VIRUS
0044.jpg,205,222,292,222,292,256,205,256,Dettol
0044.jpg,252,331,304,331,304,354,252,354,Spray
0045.jpg,158,191,234,191,234,212,158,212,CLEANING
0045.jpg,157,209,235,209,235,229,157,229,SOLUTION
0045.jpg,266,174,328,174,328,193,266,193,LEATHER
0045.jpg,192,175,248,175,248,191,192,191,LEATHER
0045.jpg,247,190,348,190,348,212,247,212,CONDITIONING
0045.jpg,261,208,345,208,345,229,261,229,PROTECTION
0045.jpg,269,227,324,227,324,245,269,245,CREAM
0045.jpg,105,238,158,238,158,258,105,258,REMOVER
0045.jpg,112,255,153,255,153,269,112,269,LEATHER
0045.jpg,85,241,104,241,104,257,85,257,INK
0045.jpg,148,171,192,171,192,193,148,193,GENTLE
0099.jpg,169,29,211,29,211,49,169,49,AIR
0099.jpg,162,49,218,49,218,64,162,64,WICK
0099.jpg,163,118,235,118,235,142,163,142,Essential
0099.jpg,236,123,265,123,265,142,236,142,Oils
0099.jpg,300,19,339,19,339,32,300,32,Reed
0099.jpg,290,31,338,31,338,47,290,47,Diffuser
0034.jpg,29,402,202,361,219,420,33,476,DAPPER
0034.jpg,90,444,211,413,206,478,87,478,chap
0072.jpg,133,272,254,272,254,333,133,333,FAIRY
0072.jpg,175,333,214,333,214,351,175,351,lemon
0072.jpg,176,98,200,98,200,112,176,112,MORE
0072.jpg,207,110,234,110,234,120,207,120,POWER
0072.jpg,199,97,228,97,228,111,199,111,GREASE
0072.jpg,172,111,209,111,209,122,172,122,OUTTING
0094.jpg,109,249,358,104,365,254,140,384,vanish
0094.jpg,110,114,189,114,189,138,110,138,HYGIENE
0094.jpg,213,338,267,305,268,344,219,373,Oxi
0094.jpg,268,305,354,255,358,290,269,344,Action
0094.jpg,179,391,262,347,263,380,184,424,EXTRA
0094.jpg,263,347,264,381,360,313,358,290,HYGIENE
0094.jpg,130,417,191,417,191,445,130,445,FABRIC
0094.jpg,193,420,256,420,256,445,193,445,STAIN
0094.jpg,259,421,355,421,355,444,259,444,REMOVER
0094.jpg,134,92,195,92,195,111,134,111,REMOVAL
0094.jpg,104,94,133,94,133,112,104,112,STAIN
0003.jpg,223,185,271,185,271,206,223,206,vax
0003.jpg,218,214,280,214,280,234,218,234,aaa+
0003.jpg,240,236,256,236,256,247,240,247,pet
0003.jpg,191,235,210,235,210,281,191,281,Carpet
0003.jpg,193,282,208,282,208,327,193,327,Cleaner
0003.jpg,194,335,204,335,204,376,194,376,Homes
0003.jpg,194,376,203,376,203,403,194,403,with
0003.jpg,190,403,203,403,203,428,190,428,pets
0098.jpg,50,171,174,171,174,194,50,194,vileda
0098.jpg,78,111,47,137,53,156,88,127,NEW
0098.jpg,50,222,146,208,143,242,50,262,MAGIC
0098.jpg,146,208,218,208,218,235,146,235,Mop
0098.jpg,146,235,200,235,200,264,146,264,flat
0098.jpg,237,244,267,244,267,263,237,263,refill
0098.jpg,62,391,91,417,87,430,50,400,EFFECTIVE
0098.jpg,92,416,120,388,129,393,101,432,CLEANING
0063.jpg,85,76,129,62,130,83,86,94,NEW
#0063.jpg,150,71,99,91,110,122,168,100,3D
0063.jpg,88,155,174,155,174,171,88,171,vileda
0063.jpg,87,184,166,178,165,195,86,202,SuperMoclo
0063.jpg,90,211,163,192,165,214,91,245,3Action
0063.jpg,102,331,154,350,153,368,99,364,NEW
0063.jpg,175,377,208,377,208,388,175,388,EXTRA
0063.jpg,209,380,228,373,232,382,209,389,HAIR
0063.jpg,180,389,233,383,235,394,179,400,PARTICLE
0063.jpg,177,397,203,397,203,408,177,408,PICK
#0063.jpg,210,395,231,395,231,403,210,403,UP
0063.jpg,287,117,326,108,326,122,288,134,NEW
0063.jpg,292,186,361,186,361,203,292,203,vileda
0063.jpg,290,207,360,207,360,221,290,221,SuperMoclo
0063.jpg,288,226,358,219,359,234,290,257,3Action
0063.jpg,290,301,337,325,331,340,284,327,New
0063.jpg,355,346,384,346,384,354,355,354,EXTRA
0063.jpg,383,346,404,346,404,354,383,354,HAIR
0063.jpg,361,351,406,351,406,362,361,362,PARTICLE
0063.jpg,357,359,385,359,385,373,357,373,PICK
#0063.jpg,387,360,403,360,403,371,387,371,UP
0042.jpg,108,45,170,45,170,69,108,69,Bona
0042.jpg,95,69,155,69,155,88,95,88,Cleaning
0042.jpg,154,67,183,67,183,87,154,87,Pad
0042.jpg,25,31,52,31,52,43,25,43,Bona
0042.jpg,53,318,78,318,78,329,53,329,USED
0042.jpg,96,316,174,316,174,329,96,329,PROFESIONALS
0042.jpg,175,316,203,316,203,327,175,327,SINCE
0042.jpg,218,292,257,292,257,309,218,309,Bona
0042.jpg,204,317,231,317,231,328,204,328,1919
0069.jpg,226,21,267,21,267,49,226,49,180
0069.jpg,233,48,256,48,256,58,233,58,DAYS
0069.jpg,115,78,182,78,182,111,115,111,Ambi
0069.jpg,126,110,181,110,181,140,126,140,Pur
0069.jpg,107,190,144,190,144,202,107,202,vanilla
0069.jpg,145,188,195,188,195,204,145,204,bouquet
0069.jpg,134,152,161,152,161,165,134,165,touch
0069.jpg,182,148,219,148,219,165,182,165,febreze
0069.jpg,38,100,106,100,106,121,38,121,3volution
0069.jpg,106,389,133,389,133,399,106,399,TEST
0074.jpg,71,323,210,299,211,350,69,395,windex
0074.jpg,116,389,195,375,197,388,117,404,ORIGINAL
0006.jpg,118,267,167,274,165,288,116,282,Shine
0006.jpg,141,285,138,300,169,305,173,290,Dry
0006.jpg,176,258,204,258,204,266,176,266,NEW
0006.jpg,102,338,211,338,211,397,102,397,finish
0006.jpg,154,397,186,397,186,407,154,407,RINSE
0006.jpg,186,400,205,400,205,409,186,409,AID
0048.jpg,50,212,175,192,169,233,47,250,Swiffer
0048.jpg,46,251,200,251,200,283,46,283,SWEEPER
0048.jpg,84,302,110,302,110,310,84,310,POUR
0048.jpg,114,302,157,302,157,310,114,310,BALAYER
0048.jpg,173,300,225,300,225,310,173,310,NETTOYER
0048.jpg,37,165,140,165,140,173,37,173,SWEEPER
0068.jpg,224,50,272,50,272,61,224,61,ORIGINAL
0068.jpg,207,60,289,60,289,80,207,80,crAMer
0068.jpg,171,110,226,110,226,138,171,138,Bath
0068.jpg,235,109,326,109,326,136,235,136,Rubber
0068.jpg,168,140,215,140,215,150,168,150,CERAMIC
0068.jpg,222,140,263,140,263,150,222,150,ENAMEL
0068.jpg,272,138,327,138,327,150,272,150,PORCELAIN
0068.jpg,293,413,337,407,339,417,297,423,CLEANING
0068.jpg,293,423,341,417,342,429,293,435,WITHOUT
0068.jpg,291,434,345,427,347,438,293,445,SCRATCHING
0036.jpg,64,128,112,128,112,143,64,143,osmo
0036.jpg,65,144,98,144,98,153,65,153,Wash
0036.jpg,67,157,87,157,87,163,67,163,and
0036.jpg,91,154,118,154,118,162,91,162,Care
0022.jpg,244,219,278,219,278,362,244,362,CLEANNING
0022.jpg,244,167,274,167,274,217,244,217,KIT
0022.jpg,224,304,251,304,251,362,224,362,DRY
0022.jpg,202,283,223,283,223,365,202,365,Timberland
0011.jpg,38,171,120,171,120,190,38,190,NOTHING
0011.jpg,122,172,224,172,224,190,122,190,PROTECTS
#0011.jpg,224,172,249,172,249,189,224,189,AS
0011.jpg,248,171,304,171,304,191,248,191,LONG
0011.jpg,124,242,225,231,221,273,122,287,Domestos
0011.jpg,113,313,233,313,233,346,113,346,EXTENDED
0011.jpg,121,347,176,347,176,364,121,364,GERM
0011.jpg,182,345,221,345,221,362,182,362,KILL
0011.jpg,43,357,118,357,118,425,43,425,PROFESSIONAL
0011.jpg,58,392,99,392,99,414,58,414,5Le
0014.jpg,205,69,271,69,271,95,205,95,Spontex
0014.jpg,291,125,349,125,349,153,291,153,Spontex
0014.jpg,211,154,265,154,265,175,211,175,Spontex
0014.jpg,210,102,262,94,264,113,206,122,Superme
0014.jpg,124,120,190,120,190,141,124,141,Spontex
0014.jpg,145,151,184,142,186,159,147,165,sponge
0014.jpg,149,161,179,161,179,174,149,174,cloths
0014.jpg,285,238,336,238,336,264,285,264,Spontex
0014.jpg,363,191,414,191,414,213,363,213,Spontex
0014.jpg,371,213,406,213,406,233,371,233,Hand
0014.jpg,211,180,264,180,264,196,211,196,Microfibre
0014.jpg,286,157,311,157,311,177,286,177,Long
0014.jpg,313,152,346,152,346,174,313,174,Lasting
0014.jpg,47,228,101,228,101,253,47,253,Spontex
0100.jpg,49,321,158,303,160,351,54,367,ECOS
0100.jpg,77,363,144,353,143,370,73,381,LAVENDER
#0100.jpg,194,390,224,390,224,415,194,415,50
0016.jpg,180,167,323,167,323,199,180,199,Renapur
0016.jpg,190,206,251,206,251,222,190,222,Leather
0016.jpg,252,204,314,204,314,221,252,221,Balsam
0016.jpg,192,249,224,249,224,266,192,266,Extra
0016.jpg,266,250,312,250,312,265,266,265,Quality
0016.jpg,188,289,230,289,230,307,188,307,Cleans
0016.jpg,230,291,290,291,290,309,230,309,nourishes
0016.jpg,204,308,252,308,252,323,204,323,protects
0016.jpg,254,308,297,308,297,322,254,322,leather
0062.jpg,198,224,249,224,249,243,198,243,VITRO
0062.jpg,253,219,300,219,300,240,253,240,CARE
0062.jpg,203,379,255,379,255,395,203,395,Electrolux
0087.jpg,221,336,349,336,349,364,221,364,GRANITE
0087.jpg,243,365,350,365,350,389,243,389,MARBLE
0087.jpg,249,390,321,390,321,412,249,412,CLEANER
0087.jpg,253,283,320,271,321,293,254,302,KILROCK
0087.jpg,218,316,244,316,244,338,218,338,out
#0087.jpg,247,312,265,312,265,336,247,336,of
0087.jpg,271,317,305,317,305,333,271,333,this
0087.jpg,304,308,355,308,355,338,304,338,planet
0058.jpg,175,222,248,222,248,237,175,237,Routine
0058.jpg,179,239,246,239,246,252,179,252,Cleaner
0039.jpg,130,246,364,246,364,332,130,332,BRASSO
0039.jpg,159,150,217,150,217,185,159,185,LONGER
0039.jpg,216,148,284,148,284,172,216,172,LASTING
0039.jpg,283,155,328,155,328,182,283,182,SHINE
0039.jpg,163,336,202,336,202,356,163,356,METAL
0039.jpg,203,337,244,337,244,354,203,354,POLISH
0039.jpg,247,338,301,338,301,355,247,355,WADDING
0039.jpg,223,356,267,356,267,372,223,372,BRASS
0039.jpg,220,374,267,374,267,389,220,389,COPPER
0039.jpg,193,390,257,390,257,408,193,408,STAINLESS
0039.jpg,258,391,296,391,296,408,258,408,STEEL
0039.jpg,217,408,269,408,269,425,217,425,CHROME
0039.jpg,303,339,329,339,329,355,303,355,FOR
0032.jpg,213,121,289,121,289,147,213,147,Punch
0032.jpg,216,171,284,171,284,194,216,194,Instant
0032.jpg,211,193,291,193,291,214,211,214,Protector
0028.jpg,85,82,152,82,152,114,85,114,Oral
#0028.jpg,154,81,179,81,179,113,154,113,B
0028.jpg,83,124,123,124,123,140,83,140,PRO
0028.jpg,129,121,183,121,183,140,129,140,2000
0028.jpg,96,176,142,176,142,190,96,190,Features
0008.jpg,28,176,117,176,117,204,28,204,osmo
0008.jpg,27,216,88,216,88,240,27,240,Wash
0008.jpg,29,245,70,245,70,261,29,261,and
0008.jpg,75,245,126,245,126,261,75,261,Care
0008.jpg,29,267,111,267,111,281,29,281,Concentrate
0008.jpg,154,339,216,329,219,337,158,350,Concentrate
0097.jpg,29,104,317,29,320,105,34,197,HARPIC
0097.jpg,93,206,157,174,160,195,94,229,SUPER
0097.jpg,194,183,130,210,130,233,196,202,BLOCK
0097.jpg,161,171,236,145,236,170,163,194,ACTIVE
0017.jpg,196,183,229,183,229,197,196,197,NEW
0017.jpg,179,256,245,256,245,279,179,279,Dettol
0017.jpg,216,315,278,315,278,334,216,334,POWER
0017.jpg,231,332,281,332,281,351,231,351,fresh
0017.jpg,216,362,241,362,241,371,216,371,multi
0017.jpg,244,363,278,363,278,372,244,372,purpose
0051.jpg,182,309,321,309,321,331,182,331,LEATHER
0051.jpg,211,337,290,337,290,356,211,356,SHOE
0051.jpg,179,360,322,360,322,383,179,383,CLEANER
0051.jpg,201,179,254,179,254,192,201,192,LEDER
0051.jpg,259,177,298,177,298,193,259,193,FEIN
0051.jpg,179,194,214,194,214,206,179,206,WASH
0051.jpg,227,194,258,194,258,206,227,206,CARE
0051.jpg,260,194,321,194,321,204,260,204,PRODUCTS
0051.jpg,183,218,210,218,210,233,183,233,FOR
0051.jpg,213,218,245,218,245,233,213,233,WET
0051.jpg,249,218,319,218,319,232,249,232,CLEANING
0051.jpg,229,250,293,250,293,266,229,266,LEATHER
0051.jpg,254,236,299,236,299,250,254,250,TYPES
0051.jpg,199,280,248,280,248,293,199,293,SHOES
0051.jpg,255,281,300,281,300,292,255,292,BOOTS
0051.jpg,225,400,253,400,253,412,225,412,250
#0051.jpg,257,401,276,401,276,412,257,412,ML
0050.jpg,233,250,277,250,277,259,233,259,LEATHER
0050.jpg,242,259,267,259,267,266,242,266,SHOE
0050.jpg,232,268,279,268,279,276,232,276,CLEANER
0052.jpg,111,230,179,230,179,248,111,248,method
0052.jpg,111,248,139,248,139,259,111,259,DAILY
0052.jpg,142,249,182,249,182,259,142,259,GRANITE
0052.jpg,125,258,168,258,168,269,125,269,CLEANER
0007.jpg,122,179,261,153,260,231,123,265,Flash
0007.jpg,193,253,119,272,121,309,202,284,Wipe
#0007.jpg,261,235,218,247,222,281,264,268,Go
0007.jpg,226,278,196,288,196,303,227,291,EASY
0007.jpg,260,268,227,279,227,294,264,281,CLEAN
0007.jpg,263,282,235,290,236,305,267,294,FALL
0007.jpg,222,306,258,294,259,312,223,321,APART
0007.jpg,222,368,263,357,264,374,223,384,Lemon
0007.jpg,235,289,198,301,200,316,237,301,WON'T
0007.jpg,340,62,453,62,453,102,340,102,Save
0007.jpg,353,102,443,102,443,150,353,150,40p
0057.jpg,324,103,387,103,387,129,324,129,Oral
#0057.jpg,389,106,411,106,411,126,389,126,B
0057.jpg,327,144,413,144,413,167,327,167,TRIZONE
0057.jpg,320,288,375,288,375,302,320,302,BIGGER
0057.jpg,378,289,415,289,415,302,378,302,PACK
0057.jpg,315,304,422,304,422,318,315,318,VORTEILSPACK
0057.jpg,390,462,423,462,423,480,390,480,BRAun
0078.jpg,95,167,256,167,256,184,95,184,DIRTBUSTERS
0078.jpg,59,199,128,199,128,216,59,216,CLEAN
0078.jpg,152,197,276,197,276,214,152,214,DEODORISE
0078.jpg,65,216,155,216,155,227,65,227,PROFESSIONAL
0078.jpg,160,217,209,217,209,226,160,226,CARPET
0078.jpg,210,215,268,215,268,226,210,226,CLEANER
0078.jpg,98,275,165,275,165,291,98,291,CLEANS
0078.jpg,100,293,148,293,148,306,100,306,STAIN
0078.jpg,151,294,233,294,233,308,151,308,REMOVES
0078.jpg,99,308,161,308,161,324,99,324,ODOUR
0078.jpg,162,307,228,307,228,324,162,324,TREATS
0078.jpg,71,428,155,428,155,448,71,448,ORANGE
0078.jpg,160,429,229,429,229,447,160,447,FRESH
#0078.jpg,233,428,255,428,255,447,233,447,5L
0078.jpg,59,417,95,417,95,427,59,427,MAKES
0078.jpg,112,417,149,417,149,426,112,426,LITRES
0078.jpg,166,417,216,417,216,428,166,428,CLEANING
0078.jpg,216,417,264,417,264,425,216,425,SOLUTION
0078.jpg,96,418,112,418,112,428,96,428,500
0078.jpg,130,185,179,185,179,194,130,194,CLEANING
0078.jpg,179,184,234,184,234,193,179,193,PRODUCTS
0078.jpg,108,184,129,184,129,193,108,193,ECO
0029.jpg,119,386,263,386,263,416,119,416,simplehuman
0012.jpg,128,61,194,55,195,68,130,77,PROTECTION
0012.jpg,127,79,202,70,205,85,127,101,PROFESSIONNELLE
0012.jpg,112,132,219,132,219,150,112,150,IMPERMEABILISANT
0012.jpg,127,149,202,149,202,166,127,166,PROTECTOR
0012.jpg,126,183,212,169,209,200,121,212,SCOTCH
0012.jpg,133,211,202,198,199,221,129,231,GARD
0012.jpg,126,366,160,366,160,382,126,382,MULTI
0012.jpg,161,367,208,367,208,381,161,381,USAGES
0012.jpg,123,399,156,399,156,416,123,416,MULTI
0012.jpg,158,401,211,401,211,413,158,413,PURPOSE
0079.jpg,214,285,285,285,285,309,214,309,Carpet
0079.jpg,188,304,230,304,230,327,188,327,Stain
0079.jpg,237,308,309,308,309,326,237,326,Remover
0079.jpg,228,258,289,258,289,272,228,272,Beckmann
0079.jpg,228,206,257,206,257,217,228,217,Which
0079.jpg,201,427,234,427,234,439,201,439,works
0079.jpg,222,438,252,438,252,452,222,452,stains
0079.jpg,249,427,312,427,312,440,249,440,eliminating
0079.jpg,268,438,304,438,304,450,268,450,odours
0079.jpg,190,439,218,439,218,450,190,450,tough
0104.jpg,135,138,198,138,198,159,135,159,xavax
0086.jpg,97,110,216,110,216,151,97,151,MAGIC
0086.jpg,109,147,224,147,224,189,109,189,MESH
0086.jpg,97,190,133,190,133,207,97,207,HANDS
0086.jpg,132,192,160,192,160,206,132,206,FREE
0086.jpg,159,193,195,193,195,208,159,208,SCREEN
0086.jpg,195,194,226,194,226,208,195,208,DOOR
0086.jpg,96,73,138,73,138,94,96,94,keep
0086.jpg,142,72,196,72,196,94,142,94,FRESH
0086.jpg,198,71,224,71,224,93,198,93,AIR
#0086.jpg,227,71,247,71,247,93,227,93,IN
0086.jpg,281,72,325,72,325,94,281,94,BUGS
0086.jpg,327,71,364,71,364,93,327,93,OUT
0086.jpg,113,316,146,316,146,334,113,334,Easily
0086.jpg,147,316,175,316,175,333,147,333,Walk
0086.jpg,176,316,221,316,221,335,176,335,Through
0086.jpg,113,335,152,335,152,349,113,349,Installs
0086.jpg,165,335,211,335,211,349,165,349,Seconds
0086.jpg,135,347,161,347,161,362,135,362,Tools
0086.jpg,163,347,212,347,212,361,163,361,Required
0086.jpg,145,252,196,252,196,265,145,265,POWERFUL
0086.jpg,178,264,222,264,222,274,178,274,MAGNETS
0086.jpg,179,380,224,380,224,397,179,397,Great
0086.jpg,180,398,213,398,213,413,180,413,Pets
0086.jpg,214,397,251,397,251,414,214,414,Tool
#0086.jpg,106,243,142,243,142,275,106,275,18
0035.jpg,224,204,313,204,313,235,224,235,Inspired
0035.jpg,313,192,398,192,398,224,313,224,nspired
0035.jpg,320,228,391,228,391,248,320,248,Leather
0035.jpg,319,250,391,250,391,266,319,266,Reviver
0035.jpg,251,241,307,241,307,256,251,256,Leathe
0035.jpg,239,257,301,257,301,273,239,273,Nourish
0035.jpg,139,235,220,235,220,260,139,260,Leather
0035.jpg,145,256,219,256,219,280,145,280,cleaner
0035.jpg,128,203,219,203,219,235,128,235,Inspire
0083.jpg,46,138,178,138,178,190,46,190,shiny
0083.jpg,51,187,174,187,174,242,51,242,Sinks
0023.jpg,226,166,276,166,276,191,226,191,BAR
0023.jpg,207,184,299,184,299,212,207,212,KEEPERS
0023.jpg,211,210,294,210,294,235,211,235,FRIEND
0023.jpg,204,280,296,280,296,309,204,309,STAIN
0023.jpg,191,301,308,301,308,334,191,334,REMOVER
0023.jpg,199,333,225,333,225,352,199,352,Multi
0023.jpg,226,338,269,338,269,354,226,354,Surface
0023.jpg,269,337,305,337,305,353,269,353,Cleaner
0010.jpg,128,208,259,208,259,256,128,256,Sponge
0010.jpg,261,208,383,208,383,253,261,253,Cloths
0010.jpg,248,192,310,192,310,211,248,211,Natural
0010.jpg,204,194,246,194,246,210,204,210,100%
#0010.jpg,195,162,211,162,211,180,195,180,IF
0010.jpg,218,160,260,160,260,181,218,181,YOU
0010.jpg,261,161,314,161,314,179,261,179,CARE
#0010.jpg,124,104,142,104,142,131,124,131,5
0010.jpg,118,130,150,130,150,144,118,144,cloths
0010.jpg,334,351,387,344,386,362,331,368,Reusable
0040.jpg,148,89,302,89,302,138,148,138,Glisten
0040.jpg,79,169,266,169,266,215,79,215,DISPOSER
0040.jpg,267,173,364,173,364,214,267,214,CARE
0040.jpg,93,42,45,61,45,78,98,58,Foams
0040.jpg,45,78,89,62,89,80,47,94,Away
0040.jpg,92,61,145,39,144,56,89,76,Grunge
0040.jpg,63,89,99,75,99,90,63,104,Odor
0040.jpg,112,219,172,219,172,237,112,237,Disposer
0040.jpg,187,219,224,219,224,235,187,235,Drain
0040.jpg,225,221,286,221,286,238,225,238,Foaming
0040.jpg,286,219,342,219,342,237,286,237,Cleaner
0040.jpg,159,241,182,241,182,254,159,254,plus
0040.jpg,183,240,229,240,229,252,183,252,BLEACH
0040.jpg,228,237,295,237,295,254,228,254,Alternative
0040.jpg,244,371,324,371,324,393,244,393,Cleans
0040.jpg,41,351,204,351,204,399,41,399,DISPOSER
0040.jpg,242,388,328,388,328,409,242,409,Freshens
0040.jpg,242,408,326,408,326,428,242,428,Maintains
0040.jpg,346,365,391,365,391,384,346,384,LEMON
0054.jpg,174,151,283,119,291,146,182,181,SILVER
0054.jpg,183,178,290,145,302,174,190,208,CARE
0054.jpg,168,350,209,375,201,389,158,365,Arthur
0054.jpg,208,374,243,394,236,408,201,390,Price
0054.jpg,261,403,313,431,305,446,254,417,England
0059.jpg,31,290,126,290,126,316,31,316,Astonish
0059.jpg,21,318,103,318,103,345,21,345,mould
0059.jpg,45,348,138,348,138,370,45,370,mildew
0059.jpg,92,368,158,368,158,385,92,385,REMOVER
0059.jpg,75,425,108,425,108,440,75,440,750ml
0103.jpg,119,161,235,143,236,174,118,194,SILVER
0103.jpg,117,191,119,221,243,201,239,171,CARE
0103.jpg,322,227,427,227,427,252,322,252,SILVER
0103.jpg,323,245,426,245,426,278,323,278,CARE
0103.jpg,340,291,370,291,370,306,340,306,Silver
0103.jpg,373,296,402,296,402,306,373,306,Foam
0103.jpg,146,283,179,283,179,297,146,297,Silver
0103.jpg,182,277,218,277,218,290,182,290,Foam
0081.jpg,217,217,284,217,284,249,217,249,Stain
0081.jpg,201,244,298,244,298,278,201,278,Remover
0081.jpg,216,277,287,277,287,308,216,308,Spray
0081.jpg,224,312,240,312,240,324,224,324,dry
0081.jpg,241,312,262,312,262,325,241,325,clean
0081.jpg,263,310,288,310,288,322,263,322,fabrics
0081.jpg,213,325,252,325,252,337,213,337,upholstery
0081.jpg,260,324,290,324,290,335,260,335,carpets
0081.jpg,229,163,275,163,275,184,229,184,K2r
0067.jpg,219,83,260,83,260,96,219,96,Karndean
0067.jpg,204,240,258,240,258,263,204,263,Clean
0019.jpg,45,297,142,297,142,339,45,339,DAWN
0019.jpg,69,361,150,361,150,374,69,374,CONCENTRATED
0019.jpg,76,372,138,372,138,383,76,383,CONCENTRE
0019.jpg,75,234,110,234,110,245,75,245,CLEANS
0019.jpg,62,251,99,251,99,260,62,260,NETTOIE
0080.jpg,72,294,143,276,143,313,70,323,urine
0080.jpg,62,321,120,308,120,348,65,360,OFF
0080.jpg,43,401,72,401,72,421,43,421,Multi
0080.jpg,73,406,118,406,118,429,73,429,purpose
0080.jpg,119,411,165,411,165,428,119,428,Cleaner
0102.jpg,48,211,134,211,134,228,48,228,method
0102.jpg,43,229,83,229,83,246,43,246,MULTI
0102.jpg,83,229,137,229,137,245,83,245,SURFACE
0060.jpg,188,260,260,235,262,276,195,299,pledge
0060.jpg,208,325,321,325,321,357,208,357,FloorCare
0060.jpg,281,355,317,355,317,367,281,367,FINISH
#0049.jpg,63,176,118,176,118,213,63,213,5x
0049.jpg,66,215,117,215,117,225,66,225,POWER
0049.jpg,64,225,119,225,119,239,64,239,ACTIONS
0049.jpg,147,349,264,349,264,364,147,364,DISHWASHER
0049.jpg,153,363,228,363,228,376,153,376,CLEANER
0049.jpg,377,392,429,392,429,411,377,411,250ml
0049.jpg,150,258,320,258,320,330,150,330,finish
0004.jpg,111,209,179,193,179,211,108,228,KARCHER
0004.jpg,105,242,169,229,169,242,104,257,GLASREINIGER
0004.jpg,111,255,166,243,167,257,111,268,KONZENTRAT
0004.jpg,51,206,86,206,86,322,51,322,CLEANING
0004.jpg,55,324,85,324,85,417,55,417,WINDOW
#0091.jpg,31,196,98,196,98,229,31,229,HG
0091.jpg,123,221,190,221,190,240,123,240,laminate
0091.jpg,59,276,153,276,153,299,59,299,laminate
0091.jpg,36,293,95,293,95,316,36,316,gloss
0091.jpg,97,301,175,301,175,321,97,321,cleaner
0091.jpg,146,431,186,431,186,453,146,453,1Le
