0005.jpg,331,369,498,369,498,430,331,430,Josas
0092.jpg,301,194,379,220,371,235,294,209,MIUCOLOR
0037.jpg,102,259,350,259,350,325,102,325,adidog
0070.jpg,167,185,192,199,182,213,157,198,Pet
0070.jpg,195,195,240,186,240,208,193,216,Plicity
0070.jpg,185,240,249,240,249,258,185,258,Cleaner
0070.jpg,181,218,225,218,225,240,181,240,Dog
0070.jpg,151,236,181,236,181,259,151,259,Ear
0015.jpg,70,257,95,268,89,281,65,271,Pet
0015.jpg,96,267,139,260,140,277,97,285,Plicity
0015.jpg,39,292,86,292,86,310,39,310,Feline
0015.jpg,89,293,126,293,126,310,89,310,Joint
0015.jpg,132,295,166,295,166,308,132,308,Care
0098.jpg,8,3,201,3,201,55,8,55,EXPRESS
0098.jpg,202,4,285,4,285,54,202,54,PET
0098.jpg,288,6,493,6,493,55,288,55,SUPPLIES
0098.jpg,11,453,94,453,94,492,11,492,15kg
0098.jpg,104,452,249,452,249,491,104,491,Chicken
0098.jpg,295,449,378,449,378,493,295,493,15kg
0098.jpg,382,448,490,448,490,488,382,488,Lamb
0046.jpg,272,83,343,83,343,108,272,108,Hilton
0046.jpg,346,81,410,81,410,109,346,109,Herbs
0046.jpg,272,127,351,127,351,161,272,161,Calm
0046.jpg,272,162,413,162,413,193,272,193,Collected
0074.jpg,161,219,248,203,249,229,163,253,PLAOUE
0074.jpg,208,248,246,231,245,260,212,270,OUT
0074.jpg,71,254,114,254,114,275,71,275,MITE
0074.jpg,138,312,161,312,161,328,138,328,Bad
0074.jpg,162,309,201,309,201,325,162,325,Breath
0074.jpg,82,304,113,304,113,325,82,325,Tartar
0074.jpg,184,283,218,283,218,300,184,300,Pack
0048.jpg,12,4,183,4,183,51,12,51,EXPRESS
0048.jpg,189,2,263,2,263,50,189,50,PET
0048.jpg,266,5,458,5,458,51,266,51,SUPPLIES
0048.jpg,126,85,212,85,212,123,126,123,15kg
0048.jpg,228,85,317,85,317,124,228,124,BULK
0048.jpg,334,86,426,86,426,123,334,123,DEAL
0048.jpg,13,402,172,402,172,451,13,451,Premium
0048.jpg,181,404,320,404,320,449,181,449,Chicken
0048.jpg,373,403,456,403,456,449,373,449,Rice
0048.jpg,70,455,158,455,158,490,70,490,Hypo
0048.jpg,178,452,396,452,396,489,178,489,Allergenic
0011.jpg,19,437,148,422,147,463,16,484,Josas
0016.jpg,351,111,465,105,467,139,347,143,Window
0016.jpg,274,140,344,140,344,183,274,183,Bird
0016.jpg,349,138,466,138,466,181,349,181,Feeder
0016.jpg,142,115,257,115,257,136,142,136,KINGFISHER
0016.jpg,212,131,234,131,234,142,212,142,bird
0016.jpg,236,131,258,131,258,143,236,143,care
0016.jpg,74,199,52,184,54,164,77,180,Bird
0016.jpg,73,179,75,205,112,219,112,195,Feeder
0016.jpg,62,152,100,171,97,189,60,169,Window
0016.jpg,153,415,205,392,216,411,163,437,GUARANTEED
0087.jpg,8,8,200,8,200,59,8,59,EXPRESS
0087.jpg,202,4,285,4,285,61,202,61,PET
0087.jpg,286,5,495,5,495,59,286,59,SUPPLIES
0087.jpg,4,434,187,434,187,473,4,473,Complete
0087.jpg,192,434,356,434,356,470,192,470,Chicken
0087.jpg,400,433,489,433,489,469,400,469,Rice
0087.jpg,28,470,91,470,91,499,28,499,Hypo
0087.jpg,106,469,266,469,266,497,106,497,Allergenic
0087.jpg,279,469,330,469,330,496,279,496,Dry
0087.jpg,341,469,391,469,391,496,341,496,Dog
0087.jpg,402,471,466,471,466,491,402,491,Food
0033.jpg,71,220,154,205,158,228,75,243,SCOOP
0033.jpg,77,244,126,234,131,258,80,265,THE
0033.jpg,78,266,83,289,153,276,146,250,POOP
0033.jpg,88,310,127,302,128,319,91,327,THANK
0033.jpg,125,302,150,299,150,313,128,319,YOU
0033.jpg,153,299,179,294,175,311,149,313,FOR
0033.jpg,175,294,228,283,234,303,174,309,CLEANING
#0033.jpg,105,321,121,321,121,329,105,329,UP
0033.jpg,125,319,159,312,160,322,126,329,AFTER
0033.jpg,160,312,188,305,192,315,161,324,YOUR
0033.jpg,192,305,216,302,220,312,194,317,DOG
0008.jpg,179,288,270,288,270,308,179,308,CROSTON
0008.jpg,178,304,241,304,241,326,178,326,CORN
0008.jpg,243,309,282,309,282,328,243,328,MILL
0008.jpg,121,302,253,348,246,383,111,347,Duality
0008.jpg,129,368,205,394,198,412,125,388,CROSTON
0008.jpg,148,409,203,409,203,433,148,433,GRAPE
0020.jpg,49,169,201,169,201,226,49,226,Original
0020.jpg,95,107,147,107,147,126,95,126,CHUDLEVS
0020.jpg,241,83,258,83,258,187,241,187,CHUDLEVS
0027.jpg,192,230,305,230,305,269,192,269,AlgoFin
0027.jpg,218,209,277,209,277,231,218,231,Pond
0027.jpg,219,177,260,177,260,204,219,204,Tetra
0027.jpg,294,190,323,190,323,201,294,201,NEW
0007.jpg,262,285,290,285,290,303,262,303,Pet
0007.jpg,290,288,321,288,321,303,290,303,Hair
0007.jpg,263,300,324,300,324,313,263,313,Remover
0007.jpg,273,312,312,312,312,325,273,325,Refill
0007.jpg,186,282,211,282,211,297,186,297,Pet
0007.jpg,212,282,241,282,241,297,212,297,Hair
0007.jpg,186,297,245,297,245,308,186,308,Remover
0007.jpg,194,308,234,308,234,321,194,321,Refill
0007.jpg,217,75,239,75,239,86,217,86,Pet
0007.jpg,240,74,266,74,266,88,240,88,Hair
0007.jpg,216,87,269,87,269,98,216,98,Remover
0007.jpg,225,97,263,97,263,109,225,109,Refill
0029.jpg,7,104,197,104,197,163,7,163,WOOF
0029.jpg,256,53,454,53,454,153,256,153,WOOF
0029.jpg,134,201,386,201,386,277,134,277,WOOF
0002.jpg,14,7,105,7,105,65,14,65,The
0002.jpg,117,7,306,7,306,66,117,66,Premier
0002.jpg,310,5,442,5,442,65,310,65,Class
0002.jpg,48,67,202,67,202,123,48,123,Travel
0002.jpg,206,66,391,66,391,126,206,126,Blanket
0002.jpg,23,470,78,470,78,493,23,493,When
#0002.jpg,79,471,92,471,92,492,79,492,it
0002.jpg,94,470,150,470,150,493,94,493,comes
#0002.jpg,151,471,170,471,170,493,151,493,to
0002.jpg,170,468,224,468,224,495,170,495,luxury
#0002.jpg,229,470,257,470,257,493,229,493,we
0002.jpg,229,469,277,469,277,495,229,495,we've
0002.jpg,281,473,311,473,311,495,281,495,got
0002.jpg,314,472,346,472,346,495,314,495,you
0002.jpg,349,472,415,472,415,493,349,493,covered
0009.jpg,86,200,138,200,138,218,86,218,groom
0009.jpg,79,232,95,232,95,248,79,248,Pet
0009.jpg,93,231,134,231,134,251,93,251,Cologne
0009.jpg,56,303,74,303,74,358,56,358,Fresh
0009.jpg,56,359,75,359,75,408,56,408,Baby
0073.jpg,305,147,405,147,405,192,305,192,Molly
#0073.jpg,240,7,266,7,266,28,240,28,20
#0073.jpg,7,198,28,198,28,224,7,224,15
0077.jpg,196,116,279,116,279,140,196,140,PUPPIA
0079.jpg,5,5,80,5,80,37,5,37,Spoilt
0079.jpg,83,6,168,6,168,38,83,38,Rotten
0079.jpg,174,5,222,5,222,35,174,35,Pet
0079.jpg,224,8,337,8,337,35,224,35,Products
0079.jpg,22,248,91,226,100,248,29,275,01234
0079.jpg,103,223,190,193,200,217,111,249,567890
0079.jpg,31,281,123,250,131,275,38,307,BOTLEY
0079.jpg,131,247,201,224,210,249,140,274,MILLS
0079.jpg,41,313,214,256,222,280,50,339,SOUTHAMPTON
0079.jpg,61,339,140,313,149,339,72,364,SO30
0079.jpg,151,309,212,289,219,318,160,335,2GB
0079.jpg,262,240,401,220,407,261,263,280,BORIS
0079.jpg,130,373,214,373,214,405,130,405,25mm
0079.jpg,216,372,335,372,335,407,216,407,Diameter
0079.jpg,132,409,224,409,224,442,132,442,Approx
0079.jpg,267,408,325,408,325,437,267,437,Size
#0079.jpg,228,410,262,410,262,441,228,441,2p
0104.jpg,154,213,245,198,246,227,153,250,PLAOUE
0104.jpg,146,298,185,298,185,315,146,315,Large
0104.jpg,189,294,217,294,217,306,189,306,Pack
0104.jpg,208,243,244,228,243,258,207,274,OUT
0086.jpg,109,337,142,220,169,233,132,345,DEFLEQT
0086.jpg,112,339,136,339,136,403,112,403,AWAY
0086.jpg,112,406,136,406,136,448,112,448,FLY
0086.jpg,162,358,209,358,209,373,162,373,Spray
0086.jpg,172,425,200,425,200,441,172,441,500ml
0040.jpg,193,283,267,283,267,309,193,309,canine
0040.jpg,179,308,215,308,215,337,179,337,Hip
0040.jpg,233,307,289,307,289,334,233,334,Joint
0040.jpg,211,335,264,335,264,360,211,360,Care
0067.jpg,75,238,138,236,139,264,75,265,Magic
0067.jpg,138,231,198,231,198,257,138,257,Wand
0088.jpg,105,233,163,233,163,256,105,256,AMA
0088.jpg,170,232,209,232,209,252,170,252,DOG
0088.jpg,56,268,105,268,105,289,56,289,Mobilite
0088.jpg,109,270,178,270,178,289,109,289,Souplesse
0088.jpg,54,288,108,288,108,308,54,308,Mobility
0088.jpg,119,291,181,291,181,307,119,307,Flexibility
0088.jpg,57,305,146,305,146,326,57,326,Beweglichkeit
0088.jpg,138,414,167,414,167,425,138,425,500g
