0018.jpg,12,77,100,77,100,104,12,104,BEST
#0018.jpg,102,75,149,75,149,106,102,106,OF
0018.jpg,150,75,295,75,295,103,150,103,BRITISH
0018.jpg,11,109,149,109,149,150,11,150,PICKS
0018.jpg,189,110,290,110,290,150,189,150,PICS
0092.jpg,87,266,291,358,270,402,67,304,STAR
0092.jpg,73,311,64,349,247,441,265,395,WARS
0001.jpg,105,31,176,31,176,58,105,58,Cards
0001.jpg,104,59,194,59,194,87,104,87,Against
0001.jpg,102,79,217,79,217,115,102,115,Humanity
0001.jpg,234,216,290,216,290,238,234,238,Cards
0001.jpg,294,218,358,218,358,238,294,238,Against
0001.jpg,359,212,445,212,445,240,359,240,Humanity
0037.jpg,31,162,359,162,359,261,31,261,Risk
0037.jpg,33,260,65,260,65,277,33,277,THE
0037.jpg,68,259,110,259,110,276,68,276,GAME
#0037.jpg,114,257,135,257,135,276,114,276,OF
0037.jpg,138,258,197,258,197,278,138,278,GLOBAL
0037.jpg,201,257,300,257,300,279,201,279,DOMINATION
0084.jpg,135,96,351,96,351,131,135,131,snazaroo
0071.jpg,131,125,300,125,300,160,131,160,Bridesmaid
0071.jpg,304,124,374,124,374,160,304,160,Sash
0071.jpg,59,249,472,387,453,459,31,316,Bridesmaid
0047.jpg,67,59,95,59,95,75,67,75,Fun
0047.jpg,98,60,129,60,129,76,98,76,Kids
0047.jpg,131,58,182,58,182,74,131,74,Shower
0047.jpg,183,55,242,55,242,75,183,75,Curtain
0047.jpg,264,405,319,393,323,421,263,432,BEST
0047.jpg,256,429,258,464,345,445,340,413,SELLER
0063.jpg,171,81,319,81,319,141,171,141,crazy
0063.jpg,325,64,461,64,461,132,325,132,chefs
0063.jpg,32,71,122,71,122,120,32,120,ORCHARD
0063.jpg,54,138,104,138,104,162,54,162,TOYS
0063.jpg,26,165,68,165,68,183,26,183,Collect
0063.jpg,26,182,94,182,94,199,26,199,ingredients
0063.jpg,54,199,80,199,80,213,54,213,help
0063.jpg,30,215,54,215,54,228,30,228,chef
0063.jpg,55,214,84,214,84,228,55,228,cook
0063.jpg,25,228,59,228,59,249,25,249,tasty
0063.jpg,57,228,94,228,94,246,57,246,treat
0090.jpg,176,63,250,63,250,94,176,94,THE
0090.jpg,105,89,307,89,307,126,105,126,RESISTANCE
0090.jpg,70,124,83,124,83,311,70,311,RESISTANCE
0046.jpg,142,1,224,1,224,28,142,28,Baby
0046.jpg,229,2,308,2,308,32,229,32,Swim
0046.jpg,311,3,438,3,438,41,311,41,Support
0046.jpg,173,384,222,384,222,417,173,417,Swim
0046.jpg,222,397,260,397,260,418,222,418,safe
0053.jpg,210,366,282,366,282,382,210,382,AFTER
0053.jpg,282,364,421,364,421,383,282,383,CONNECTING
0053.jpg,255,384,378,384,378,403,255,403,EQUIPMENT
0053.jpg,257,405,317,405,317,422,257,422,PALM
0053.jpg,323,403,372,403,372,420,323,420,WILL
0053.jpg,372,403,436,403,436,420,372,420,LIGHT
#0053.jpg,442,404,475,404,475,423,442,423,UP
0006.jpg,106,64,384,64,384,120,106,120,PARTY
#0006.jpg,187,123,203,123,203,142,187,142,12
0006.jpg,200,125,225,125,225,140,200,140,NOTE
0006.jpg,222,123,248,123,248,139,222,139,PADS
0006.jpg,278,123,309,123,309,142,278,142,NOTES
0006.jpg,256,127,278,127,278,142,256,142,BLOC
0006.jpg,60,16,116,16,116,34,60,34,unique
0068.jpg,76,145,169,145,169,192,76,192,sew
0068.jpg,80,185,174,185,174,221,80,221,COOL
0068.jpg,177,443,198,443,198,465,177,465,SET
0068.jpg,198,439,248,439,248,466,198,466,COFFRET
0068.jpg,247,441,284,441,284,466,247,466,JUEGO
0068.jpg,285,442,341,442,341,463,285,463,CONJUNTO
0100.jpg,131,112,249,112,249,155,131,155,TOP
0100.jpg,122,145,259,145,259,188,122,188,TRUMPS
0100.jpg,120,316,261,316,261,350,120,350,PREDATORS
#0016.jpg,130,44,205,44,205,98,130,98,50
0016.jpg,205,32,392,32,392,83,205,83,BALLOONS
0033.jpg,235,237,189,267,205,292,248,259,Kiddo
0039.jpg,128,93,157,93,157,110,128,110,100
0039.jpg,160,94,207,94,207,109,160,109,party
0039.jpg,208,93,262,93,262,108,208,108,plates
0020.jpg,162,181,189,181,189,208,162,208,life
0020.jpg,196,170,242,170,242,202,196,202,SPA
0020.jpg,246,141,282,141,282,182,246,182,BAR
0027.jpg,171,158,321,158,321,197,171,197,LATICE
0007.jpg,139,70,248,70,248,110,139,110,kids
0007.jpg,248,74,374,74,374,113,248,113,paint
0007.jpg,201,46,332,46,332,74,201,74,washable
0007.jpg,405,26,474,26,474,52,405,52,Classic
0007.jpg,407,49,466,49,466,71,407,71,Colors
0007.jpg,106,35,27,55,23,32,101,12,Crayola
0007.jpg,7,180,53,180,53,196,7,196,CONTENTS
0007.jpg,70,177,105,177,105,197,70,197,BOTTLES
#0007.jpg,142,180,155,180,155,196,142,196,59
#0007.jpg,156,180,169,180,169,198,156,198,ML
0007.jpg,31,142,71,142,71,156,31,156,Colors
#0007.jpg,30,105,70,105,70,143,30,143,10
0002.jpg,320,190,402,190,402,223,320,223,Best
0002.jpg,327,220,447,220,447,256,327,256,Friend
0009.jpg,50,157,143,157,143,188,50,188,DARE
0009.jpg,31,188,158,188,158,225,31,225,CARDS
0009.jpg,83,228,124,228,124,247,83,247,Cards
#0009.jpg,60,225,83,225,83,247,60,247,24
0009.jpg,44,117,87,117,87,150,44,150,HEN
0009.jpg,87,119,145,119,145,148,87,148,PARTY
0009.jpg,46,75,135,75,135,93,46,93,WARNING
0009.jpg,412,191,361,215,372,240,424,214,DARE
0073.jpg,15,56,240,56,240,136,15,136,VALUE
0073.jpg,244,55,452,55,452,138,244,138,PACK
0073.jpg,141,139,220,139,220,162,141,162,PARTY
0073.jpg,221,135,327,135,327,161,221,161,FAVORS
0073.jpg,56,9,155,9,155,31,56,31,DINOSAURS
#0073.jpg,10,5,54,5,54,46,10,46,12
0073.jpg,368,6,437,6,437,26,368,26,amscan
0077.jpg,75,65,209,65,209,164,75,164,ANY
0077.jpg,224,61,424,61,424,169,224,169,NAME
#0077.jpg,23,152,67,152,67,202,23,202,GB
0077.jpg,71,325,208,325,208,427,71,427,ANY
0077.jpg,228,323,415,323,415,427,228,427,NAME
#0077.jpg,26,402,64,402,64,453,26,453,GB
0079.jpg,33,101,104,101,104,122,33,122,Bestway
0079.jpg,150,245,219,245,219,267,150,267,Bestway
0079.jpg,121,275,175,275,175,295,121,295,Inflate
0079.jpg,173,275,210,275,210,295,173,295,your
0079.jpg,209,275,240,275,240,297,209,297,Fun
0079.jpg,149,325,199,325,199,344,149,344,REPAIR
0079.jpg,201,324,246,324,246,345,201,345,EPOXY
0106.jpg,74,41,210,41,210,132,74,132,ANY
0106.jpg,230,41,416,41,416,135,230,135,NAME
#0106.jpg,77,134,151,134,151,193,77,193,29
#0106.jpg,175,138,241,138,241,192,175,192,01
0106.jpg,265,138,417,138,417,194,265,194,2014
#0106.jpg,22,156,60,156,60,204,22,204,GB
0083.jpg,177,72,429,72,429,145,177,145,ladybirds
0083.jpg,273,53,338,53,338,75,273,75,game
#0083.jpg,342,46,370,46,370,70,342,70,of
0083.jpg,231,46,270,46,270,72,231,72,the
0083.jpg,37,50,119,50,119,98,37,98,orchard
0083.jpg,52,111,109,111,109,136,52,136,TOYS
0083.jpg,29,142,62,142,62,158,29,158,Learn
0083.jpg,79,148,114,148,114,159,79,159,count
#0083.jpg,32,160,46,160,46,173,32,173,as
0083.jpg,45,158,68,158,68,174,45,174,you
0083.jpg,68,159,110,159,110,175,68,175,match
0083.jpg,53,174,80,174,80,189,53,189,spots
0083.jpg,32,189,67,189,67,203,32,203,collect
0083.jpg,32,203,82,203,82,220,32,220,ladybirds
0041.jpg,184,172,234,172,234,201,184,201,The
0041.jpg,293,165,296,213,158,254,151,189,STORY
0041.jpg,171,251,191,293,347,232,330,195,TELLING
0041.jpg,296,252,352,229,363,252,305,273,Game
#0041.jpg,363,146,384,146,384,161,363,161,6+
0010.jpg,76,59,340,59,340,151,76,151,CATAN
0010.jpg,121,163,179,163,179,189,121,189,TRADE
0010.jpg,182,158,230,158,230,185,182,185,BUILD
0010.jpg,236,154,294,154,294,181,236,181,SETTLE
0010.jpg,15,82,38,82,38,263,15,263,CATAN
0059.jpg,82,74,218,74,218,126,82,126,SPLAT
0059.jpg,23,84,44,84,44,166,23,166,SPLAT
0056.jpg,109,37,266,37,266,90,109,90,tummy
0056.jpg,276,33,378,33,378,86,276,86,ache
0004.jpg,334,356,410,327,416,353,336,378,SWINGBALL
0024.jpg,230,42,370,55,365,89,233,69,FORBIDDEN
0024.jpg,227,68,230,110,367,125,370,85,ISLAND
0024.jpg,21,143,73,135,74,154,23,161,WATERS
0024.jpg,25,158,29,178,69,170,66,152,RISE
0091.jpg,47,175,110,175,110,196,47,196,FREE
#0091.jpg,115,174,150,174,150,196,115,196,AN
0091.jpg,154,173,247,173,247,197,154,197,E-BOOK
#0091.jpg,51,200,84,200,84,219,51,219,ON
0091.jpg,88,196,145,196,145,219,88,219,HOW
#0091.jpg,148,199,179,199,179,220,148,220,TO
0091.jpg,180,199,247,199,247,218,180,218,PLAY
0091.jpg,81,220,245,220,245,250,81,250,KENDAMA
