0043.jpg,88,202,108,202,108,216,88,216,20%
0043.jpg,110,201,146,201,146,216,110,216,Vitamin
#0043.jpg,147,203,156,203,156,215,147,215,C
0043.jpg,85,217,136,217,136,227,85,227,Hyaluronic
0043.jpg,138,217,159,217,159,226,138,226,Acid
0043.jpg,101,229,136,229,136,239,101,239,Vitamin
#0043.jpg,138,229,145,229,145,238,138,238,E
0043.jpg,96,241,128,241,128,250,96,250,Ferulic
0043.jpg,130,241,150,241,150,249,130,249,Acid
0043.jpg,100,252,130,252,130,263,100,263,Jojoba
0043.jpg,130,252,147,252,147,261,130,261,Oil
0043.jpg,77,96,170,96,170,129,77,129,PURORGANICA
0043.jpg,77,129,107,129,107,138,77,138,NATURE
0043.jpg,108,129,138,129,138,138,108,138,SCIENCE
0043.jpg,138,130,169,130,169,139,138,139,BEAUTY
0043.jpg,88,306,121,306,121,315,88,315,VITAMIN
#0043.jpg,121,306,129,306,129,314,121,314,C
0043.jpg,130,305,158,305,158,314,130,314,SERUM
0043.jpg,218,299,315,299,315,329,218,329,PURORGANICA
0043.jpg,220,329,249,329,249,338,220,338,NATURE
0043.jpg,250,330,284,330,284,339,250,339,SCIENCE
0043.jpg,286,330,315,330,315,338,286,338,BEAUTY
0043.jpg,228,361,251,361,251,373,228,373,20%
0043.jpg,252,361,296,361,296,373,252,373,Vitamin
#0043.jpg,297,362,304,362,304,373,297,373,C
0043.jpg,227,375,281,375,281,386,227,386,Hyaluronic
0043.jpg,282,377,307,377,307,384,282,384,Acid
0043.jpg,240,388,282,388,282,398,240,398,Vitamin
#0043.jpg,283,389,290,389,290,398,283,398,E
0043.jpg,235,400,271,400,271,411,235,411,Ferulic
0043.jpg,272,400,297,400,297,411,272,411,Acid
0043.jpg,239,413,277,413,277,424,239,424,Jojoba
0043.jpg,277,413,294,413,294,423,277,423,Oil
0043.jpg,225,437,265,437,265,452,225,452,VITAMIN
#0043.jpg,265,439,273,439,273,452,265,452,C
0043.jpg,274,439,307,439,307,450,274,450,SERUM
0043.jpg,102,467,119,467,119,478,102,478,NET
#0043.jpg,121,468,131,468,131,477,121,477,30
#0043.jpg,133,466,144,466,144,476,133,476,ML
0043.jpg,236,461,262,461,262,474,236,474,NET
#0043.jpg,263,462,275,462,275,475,263,475,30
#0043.jpg,277,464,294,464,294,475,277,475,ML
0064.jpg,187,221,343,221,343,241,187,241,Frankincense
0064.jpg,129,244,303,244,303,267,129,267,NOURISHING
0064.jpg,308,243,393,243,393,266,308,266,CREAM
0064.jpg,74,284,127,284,127,307,74,307,PROTECTS
0064.jpg,127,286,164,286,164,307,127,307,ALL
0064.jpg,163,282,214,282,214,307,163,307,SKIN
0064.jpg,219,288,283,288,283,306,219,306,TYPES
0064.jpg,288,290,352,290,352,308,288,308,against
0064.jpg,353,289,390,289,390,308,353,308,signs
#0064.jpg,391,285,409,285,409,305,391,305,of
0064.jpg,405,285,443,285,443,311,405,311,ageing
0064.jpg,197,366,241,366,241,386,197,386,MADE
#0064.jpg,243,367,260,367,260,388,243,388,IN
0064.jpg,262,367,334,367,334,389,262,389,ENGLAND
0085.jpg,62,192,251,192,251,309,62,309,Kinky
0085.jpg,274,188,426,188,426,293,274,293,Curly
0085.jpg,196,313,304,313,304,335,196,335,ORIGINAL
0085.jpg,85,317,236,343,236,384,82,355,CURLING
0085.jpg,246,342,407,320,409,362,246,383,CUSTARD
0085.jpg,167,378,233,378,233,400,167,400,NATURAL
0085.jpg,236,383,298,383,298,399,236,399,STYLING
0085.jpg,300,381,327,381,327,395,300,395,GEL
0085.jpg,233,407,258,407,258,421,233,421,8oz
0084.jpg,166,67,210,67,210,211,166,211,ATAL
0084.jpg,154,310,229,310,229,325,154,325,ADVANTAGE
0084.jpg,172,331,207,331,207,343,172,343,VELVET
0084.jpg,205,327,230,327,230,343,205,343,EYE
0084.jpg,187,340,234,340,234,357,187,357,SERUM
0084.jpg,297,302,326,302,326,384,297,384,ATAL
0084.jpg,272,404,351,404,351,421,272,421,ADVANTAGE
0084.jpg,292,422,314,422,314,435,292,435,EYE
0084.jpg,313,421,350,421,350,437,313,437,SERUM
0070.jpg,109,189,158,177,160,193,109,201,PALMER'S
0070.jpg,93,201,135,201,135,214,93,214,COCOA
0070.jpg,136,201,179,201,179,214,136,214,BUTTER
0070.jpg,109,214,167,214,167,224,109,224,FORMULA
0070.jpg,89,241,190,241,190,263,89,263,Natural
0070.jpg,95,263,184,263,184,282,95,282,Bronze
0070.jpg,112,285,134,285,134,294,112,294,Body
0070.jpg,135,284,165,284,165,293,135,293,Lotion
0070.jpg,109,313,131,313,131,324,109,324,Builds
0070.jpg,139,315,174,315,174,323,139,323,Maintains
#0070.jpg,100,325,106,325,106,333,100,333,A
0070.jpg,108,324,135,324,135,332,108,332,Natural
0070.jpg,135,325,162,325,162,332,135,332,looking
0070.jpg,164,324,178,324,178,332,164,332,Tan
0070.jpg,110,340,122,340,122,350,110,350,For
0070.jpg,123,341,134,341,134,349,123,349,All
0070.jpg,135,341,150,341,150,349,135,349,Skin
0070.jpg,152,340,171,340,171,349,152,349,Tones
0070.jpg,93,388,138,388,138,400,93,400,GRADUAL
0070.jpg,139,389,184,389,184,399,139,399,TANNING
0070.jpg,106,400,173,400,173,411,106,411,MOISTURIZER
0070.jpg,99,431,120,431,120,443,99,443,250ml
0025.jpg,80,30,142,30,142,51,80,51,TempIR
0025.jpg,104,108,148,108,148,158,104,158,98.6
#0025.jpg,149,105,162,105,162,120,149,120,F
0025.jpg,256,193,307,193,307,233,256,233,36.8
0025.jpg,255,175,278,175,278,183,255,183,body
0025.jpg,157,298,210,298,210,327,157,327,SCAN
0025.jpg,109,194,136,194,136,211,109,211,MODE
0025.jpg,178,181,199,181,199,194,178,194,MEM
0025.jpg,399,280,435,310,424,317,390,286,TempIR
0025.jpg,304,316,315,329,306,333,296,320,MEM
0013.jpg,292,311,383,311,383,345,292,345,bluesky
0013.jpg,286,354,322,354,322,384,286,384,Gel
0013.jpg,327,354,399,354,399,385,327,385,Polish
0013.jpg,306,394,378,394,378,417,306,417,Color
0013.jpg,271,421,314,421,314,448,271,448,10ml
0013.jpg,328,421,382,421,382,450,328,450,0.33fl
0013.jpg,383,423,414,423,414,447,383,447,Oze
0013.jpg,83,422,155,422,155,442,83,442,Million
0013.jpg,420,5,450,43,437,51,409,13,Million
0099.jpg,18,62,52,48,52,69,18,81,NEW
0099.jpg,53,48,55,69,87,54,86,37,Look
0099.jpg,94,78,123,78,123,99,94,99,The
0099.jpg,125,72,159,72,159,91,125,91,Best
0099.jpg,96,104,174,86,175,104,94,122,Aftershave
0099.jpg,94,125,95,143,176,122,174,105,Treatment
0099.jpg,96,146,118,139,120,155,96,162,for
0099.jpg,120,139,166,127,166,145,123,156,Razor
0099.jpg,97,165,147,152,148,173,97,183,Bumps
0099.jpg,29,211,65,201,65,216,29,225,Clinically
0099.jpg,92,204,66,214,66,199,92,191,Tested
0099.jpg,94,193,94,208,145,191,144,179,Dermatologist
0099.jpg,180,169,145,179,144,192,181,182,Approved
0099.jpg,32,111,66,111,66,126,32,126,Before
0099.jpg,50,154,80,154,80,174,50,174,After
0099.jpg,66,233,117,217,121,227,73,242,DOUBLE
0099.jpg,117,217,181,199,190,208,120,226,STRENGTH
0099.jpg,108,231,166,214,174,220,110,241,FORMULA
0099.jpg,33,278,85,307,83,324,30,294,BUMP
0099.jpg,33,295,73,319,71,332,30,307,Stopper
0099.jpg,155,310,187,299,188,318,156,327,high
0099.jpg,188,298,190,316,223,305,220,289,time
0099.jpg,110,345,260,294,259,331,110,386,BUMP
0099.jpg,114,384,115,409,233,372,232,342,Stopper
0099.jpg,119,429,166,411,167,428,120,446,DOUBLE
0099.jpg,167,411,168,429,225,404,222,389,STRENGTH
0099.jpg,37,333,85,363,82,376,34,344,CONCENTRATED
0099.jpg,35,345,58,359,53,370,33,351,CREAM
0099.jpg,56,359,55,372,86,387,86,376,FORMULA
0034.jpg,272,94,422,94,422,124,272,124,Fashion
0034.jpg,331,127,449,127,449,151,331,151,Lashes
0034.jpg,289,165,313,165,313,178,289,178,100%
0034.jpg,314,165,347,165,347,178,314,178,Human
0034.jpg,348,166,367,166,367,176,348,176,Hair
0034.jpg,313,208,370,208,370,222,313,222,BLACK
0034.jpg,151,206,174,206,174,219,151,219,103
0094.jpg,51,147,99,147,99,166,51,166,Dabur
0094.jpg,30,166,120,166,120,192,30,192,AMLA
0094.jpg,43,192,78,192,78,205,43,205,HAIR
0094.jpg,80,193,105,193,105,204,80,204,OIL
0094.jpg,40,362,75,362,75,373,40,373,NATURAL
0094.jpg,76,362,97,362,97,372,76,372,CARE
0094.jpg,97,362,116,362,116,372,97,372,FOR
0094.jpg,46,372,83,372,83,382,46,382,HEALTHY
0094.jpg,85,372,109,372,109,381,85,381,LONG
0094.jpg,37,381,54,381,54,391,37,391,AND
0094.jpg,55,382,99,382,99,391,55,391,BEAUTIFUL
0094.jpg,99,382,118,382,118,390,99,390,HAIR
0094.jpg,55,397,72,397,72,411,55,411,300
0094.jpg,75,397,100,397,100,411,75,411,mle
0047.jpg,259,250,279,250,279,265,259,265,The
0047.jpg,276,250,319,250,319,265,276,265,Original
0047.jpg,260,268,386,268,386,288,260,288,Moodstruck
#0047.jpg,256,286,281,286,281,306,256,306,3D
0047.jpg,284,284,326,284,326,307,284,307,Fiber
0047.jpg,326,285,387,285,387,307,326,307,Lashes
#0047.jpg,258,425,326,425,326,478,258,478,3X
0047.jpg,329,436,358,436,358,453,329,453,THE
0047.jpg,331,449,386,449,386,478,331,478,WOW
0047.jpg,391,447,473,447,473,478,391,478,FACTOR
0047.jpg,228,92,287,92,287,109,228,109,youniQue
0090.jpg,29,236,57,236,57,445,29,445,SINIVALIA
0090.jpg,58,381,78,381,78,405,58,405,OIL
0090.jpg,58,407,79,407,79,449,58,449,BODY
0090.jpg,78,423,95,423,95,451,78,451,PURE
0090.jpg,80,400,96,400,96,421,80,421,AND
0090.jpg,80,353,97,353,97,397,80,397,NATURAL
0090.jpg,108,432,134,432,134,453,108,453,100
#0090.jpg,136,432,153,432,153,449,136,449,ml
#0090.jpg,155,429,167,429,167,445,155,445,e
#0042.jpg,65,297,100,297,100,325,65,325,OZ
0042.jpg,99,300,185,300,185,327,99,327,Naturals
0042.jpg,90,329,115,329,115,341,90,341,Plant
0042.jpg,112,327,137,327,137,341,112,341,Stem
0042.jpg,140,326,164,326,164,341,140,341,Cells
0042.jpg,135,341,161,341,161,355,135,355,3000
0042.jpg,88,354,121,354,121,366,88,366,Peptide
0042.jpg,124,352,167,352,167,365,124,365,Complex
0042.jpg,89,363,141,363,141,379,89,379,Hyaluronic
0042.jpg,141,365,166,365,166,379,141,379,Acid
0042.jpg,104,375,140,375,140,390,104,390,Vitamin
#0042.jpg,142,379,150,379,150,391,142,391,E
0042.jpg,90,393,125,393,125,403,90,403,Super
0042.jpg,123,392,160,392,160,405,123,405,Youth
0042.jpg,103,404,123,404,123,424,103,424,Eye
0042.jpg,125,406,146,406,146,422,125,422,Gel
#0042.jpg,107,426,120,426,120,439,107,439,oz
#0042.jpg,140,425,156,425,156,439,140,439,ml
#0042.jpg,126,425,139,425,139,441,126,441,15
0042.jpg,95,341,135,341,135,353,95,353,Matrixyl
0069.jpg,39,24,104,24,104,48,39,48,FREE
0069.jpg,106,22,161,22,161,48,106,48,TWO
0069.jpg,172,25,219,25,219,48,172,48,DAY
0069.jpg,224,24,340,24,340,50,224,50,PREMIUM
0069.jpg,344,24,458,24,458,49,344,49,SHIPPING
0069.jpg,167,153,233,153,233,180,167,180,SKIN
0069.jpg,240,152,317,152,317,180,240,180,PEP
0069.jpg,190,184,237,184,237,198,190,198,Flowless
0069.jpg,234,185,269,185,269,198,234,198,Beauty
0069.jpg,278,184,301,184,301,197,278,197,Your
0069.jpg,303,182,329,182,329,197,303,197,Right
0069.jpg,265,206,294,206,294,222,265,222,Hydro
0069.jpg,297,208,315,208,315,220,297,220,Gel
0069.jpg,315,206,342,206,342,220,315,220,Mask
0074.jpg,160,63,220,63,220,118,160,118,Venus
0074.jpg,216,75,294,75,294,133,216,133,Secrets
0074.jpg,184,119,265,119,265,147,184,147,Organies
0074.jpg,163,203,194,165,203,185,173,213,Donkey
0074.jpg,198,166,204,183,229,177,228,162,Milk
0074.jpg,250,169,242,182,269,204,280,195,Argan
0074.jpg,273,204,279,223,292,219,286,198,Oil
0074.jpg,234,282,282,257,292,269,240,304,Hydrating
0074.jpg,177,246,227,285,225,301,162,261,Nourishing
0074.jpg,191,312,266,312,266,333,191,333,Phytocomplex
0074.jpg,182,325,234,333,233,348,181,340,Panthenol
0074.jpg,235,333,256,333,256,348,235,348,Pro
#0074.jpg,257,335,273,335,273,350,257,350,B5
0074.jpg,204,346,252,351,252,365,200,359,Allantoin
0074.jpg,198,380,225,380,225,393,198,393,ANTI
0074.jpg,232,384,257,384,257,399,232,399,AGE
0074.jpg,171,389,219,396,218,408,171,401,MARINE
0074.jpg,220,397,219,409,284,419,285,404,COLLAGEN
0074.jpg,171,403,170,416,214,422,216,407,DONKEY
0074.jpg,217,408,216,423,245,426,246,414,MILK
0074.jpg,247,414,246,428,287,432,286,418,SERUM
0074.jpg,165,427,206,427,206,445,165,445,Premium
0074.jpg,207,429,246,429,246,450,207,450,Natural
0074.jpg,247,439,291,439,291,457,247,457,Products
0006.jpg,42,260,64,260,64,413,42,413,LEIGHTON
0006.jpg,65,305,91,305,91,413,65,413,DENNY
0062.jpg,23,224,157,224,157,343,23,343,Matte
0062.jpg,151,276,187,276,187,301,151,301,FLAT
0062.jpg,187,269,230,269,230,298,187,298,FINISH
0062.jpg,231,258,292,258,292,287,231,287,PIGMENT
0062.jpg,292,252,338,252,338,276,292,276,GLOSS
#0062.jpg,224,224,268,224,268,253,224,253,LA
0062.jpg,270,214,318,214,318,250,270,250,girl
0062.jpg,350,286,385,266,393,286,361,310,Matte
0062.jpg,6,395,47,395,47,409,6,409,obsess
0062.jpg,128,392,173,392,173,408,128,408,instinct
0062.jpg,256,393,290,393,290,409,256,409,frisky
0062.jpg,381,393,420,393,420,408,381,408,secret
0062.jpg,381,480,414,480,414,495,381,495,black
0062.jpg,416,481,459,481,459,496,416,496,currant
0062.jpg,257,482,301,482,301,496,257,496,stunner
0062.jpg,129,481,188,481,188,497,129,497,backstage
0062.jpg,5,481,39,481,39,496,5,496,rebel
#0062.jpg,6,181,27,181,27,201,6,201,16
0062.jpg,31,184,89,184,89,201,31,201,RICH
0062.jpg,92,181,192,181,192,202,92,202,INTENSE
0062.jpg,41,200,149,200,149,228,41,228,COLORS
0062.jpg,382,163,409,163,409,178,382,178,tulle
0062.jpg,257,162,298,162,298,180,257,180,playful
0062.jpg,128,163,166,163,166,177,128,177,iconic
0062.jpg,7,164,54,164,54,179,7,179,timeless
0062.jpg,382,72,421,72,421,89,382,89,bazaar
0062.jpg,255,75,286,75,286,87,255,87,fleur
0062.jpg,128,74,178,74,178,88,128,88,dreamy
0062.jpg,5,73,56,73,56,90,5,90,fantasty
0058.jpg,44,139,171,71,171,125,48,195,CLEAN
0058.jpg,198,103,150,138,153,170,201,145,get
0058.jpg,203,96,203,137,274,116,267,77,Away
0058.jpg,285,80,319,80,319,101,285,101,GLORY
0058.jpg,284,63,310,63,310,81,284,81,SOAP
0058.jpg,18,67,140,42,166,62,37,91,CLEAN
0058.jpg,144,42,174,64,231,51,208,29,GET
0058.jpg,214,28,239,51,324,31,299,11,AWAY
0058.jpg,387,108,383,129,425,139,429,118,HAND
0058.jpg,386,129,382,146,420,156,424,138,FOOD
0058.jpg,311,206,368,214,364,224,308,214,RIGHTOUS
0058.jpg,316,214,313,222,354,227,357,219,BUTTER
0039.jpg,45,66,162,66,162,108,45,108,ARDELL
0039.jpg,47,106,161,106,161,122,47,122,PROFESSIONAL
0039.jpg,44,120,259,120,259,163,44,163,Natural
0039.jpg,194,167,248,167,248,183,194,183,Naturel
0039.jpg,256,166,315,166,315,181,256,181,Natural
0039.jpg,142,225,173,225,173,241,142,241,106
0039.jpg,323,225,377,225,377,243,323,243,BLACK
0020.jpg,82,114,107,114,107,237,82,237,NATURAL
0020.jpg,81,285,108,285,108,362,81,362,INSTA
0020.jpg,163,275,191,275,191,423,163,423,EYELASH
0020.jpg,192,333,207,333,207,416,192,416,ENHANCING
0020.jpg,190,282,207,282,207,331,190,331,SERUM
0017.jpg,11,265,74,265,74,315,11,315,Skin
0017.jpg,74,266,201,266,201,315,74,315,Radiance
0027.jpg,68,285,176,285,176,338,68,338,Cellulite
0027.jpg,180,291,343,291,343,348,180,348,Reducing
0027.jpg,347,290,437,290,437,339,347,339,Cream
0027.jpg,177,243,324,243,324,278,177,278,Puressant
0027.jpg,125,343,173,343,173,371,125,371,Body
0027.jpg,174,346,247,346,247,376,174,376,Firming
0027.jpg,249,349,287,349,287,373,249,373,and
0027.jpg,289,348,378,348,378,375,289,375,Slimming
#0027.jpg,252,384,272,384,272,397,252,397,oz
#0027.jpg,224,381,236,381,236,397,224,397,4
#0027.jpg,235,380,248,380,248,400,235,400,fl
0051.jpg,103,210,243,210,243,243,103,243,Hyaluronic
0051.jpg,251,356,339,356,339,373,251,373,Hyaluronic
0051.jpg,104,239,144,239,144,263,104,263,Acid
0051.jpg,144,240,211,240,211,265,144,265,Serum
0051.jpg,120,280,182,280,182,301,120,301,FORTE
0051.jpg,119,305,176,305,176,323,119,323,Vitamin
#0051.jpg,177,304,194,304,194,323,177,323,C
0051.jpg,119,323,195,323,195,343,119,343,Laminaria
0052.jpg,56,140,206,140,206,182,56,182,COSMIC
0052.jpg,59,177,202,177,202,205,59,205,radiance
0052.jpg,67,204,134,204,134,223,67,223,BRITNEY
0052.jpg,133,204,189,204,189,226,133,226,SPEARS
0007.jpg,187,8,303,8,303,49,187,49,designs
#0007.jpg,167,9,183,9,183,40,167,40,7
0007.jpg,59,205,143,205,143,232,59,232,Makeup
0007.jpg,145,202,212,202,212,237,145,237,eyeliner
0007.jpg,211,203,267,203,267,232,211,232,Stencil
0007.jpg,81,258,126,258,126,275,81,275,Bottom
0007.jpg,133,249,169,249,169,269,133,269,Liner
0078.jpg,93,173,403,173,403,219,93,219,warpaint
0078.jpg,82,100,148,51,158,64,92,111,warpaint
0078.jpg,155,52,164,65,234,47,231,33,NATURAL
0078.jpg,236,33,291,33,291,47,236,47,TEETH
0078.jpg,296,35,384,60,373,79,291,48,WHITENER
0078.jpg,400,97,436,158,456,154,418,83,WARPAINT
0078.jpg,428,156,454,156,454,219,428,219,NATURAL
0078.jpg,425,222,397,259,412,270,446,227,TEETH
0078.jpg,391,259,415,275,312,328,307,303,WHITENER
0078.jpg,158,294,148,311,262,334,259,309,WARPAINT
0078.jpg,93,247,156,293,139,311,76,260,NATURAL
0078.jpg,53,210,73,255,94,247,66,203,TEETH
0078.jpg,59,131,79,136,71,203,45,211,WHITENER
0002.jpg,200,231,417,231,417,277,200,277,TATTOOS
0002.jpg,127,183,211,183,211,196,127,196,ANESTHETIC
0002.jpg,211,183,261,183,261,196,211,196,CREAM
0002.jpg,61,78,82,78,82,148,61,148,CREAM
0002.jpg,62,155,87,155,87,277,62,277,ANESTHETIC
0002.jpg,66,285,86,285,86,320,66,320,EYE
0002.jpg,135,76,162,76,162,135,135,135,CREAM
0002.jpg,147,255,167,255,167,285,147,285,EYE
0077.jpg,137,323,229,323,229,359,137,359,ACCELERATOR
0077.jpg,153,300,179,300,179,318,153,318,DARK
0077.jpg,182,301,222,301,222,318,182,318,TANNING
0077.jpg,143,261,226,261,226,278,143,278,Australian
0077.jpg,166,277,208,277,208,294,166,294,Gold
0077.jpg,164,360,203,360,203,379,164,379,SPRAY
0086.jpg,264,256,374,256,374,278,264,278,PREMIUM
0086.jpg,263,279,337,279,337,303,263,303,BEARD
0086.jpg,339,279,377,279,377,302,339,302,OIL
0086.jpg,265,307,312,307,312,323,265,323,FOR
0086.jpg,325,306,374,306,374,324,325,324,MEN
0086.jpg,294,415,319,415,319,424,294,424,Made
#0086.jpg,321,414,332,414,332,426,321,426,in
#0086.jpg,332,414,350,414,350,427,332,427,UK
0086.jpg,286,401,319,401,319,414,286,414,100ml
0086.jpg,322,399,356,399,356,413,322,413,3.4floz
0086.jpg,176,198,230,206,228,227,176,218,BREAD
0086.jpg,177,223,210,223,210,239,177,239,FOR
0086.jpg,186,74,250,74,250,119,186,119,GENTLEMANS
0086.jpg,187,117,200,118,208,143,195,150,FACE
0086.jpg,205,141,229,141,229,159,205,159,CARE
0086.jpg,237,128,229,147,234,157,249,133,CLUB
0086.jpg,196,449,215,449,215,460,196,460,Made
#0086.jpg,215,447,222,447,222,458,215,458,in
#0086.jpg,222,447,233,447,233,457,222,457,UK
0086.jpg,190,436,213,436,213,448,190,448,100ml
0086.jpg,216,437,240,437,240,445,216,445,3.4floz
0086.jpg,286,168,354,168,354,197,286,197,BENTLEMANS
0086.jpg,286,201,305,201,305,225,286,225,FACE
0086.jpg,306,218,333,218,333,231,306,231,CARE
0086.jpg,332,202,351,202,351,225,332,225,CLUB
0031.jpg,23,47,163,47,163,90,23,90,FANCL
0031.jpg,270,202,300,202,300,307,270,307,FANCL
0082.jpg,308,103,386,103,386,383,308,383,Soniworks
0082.jpg,380,208,401,208,401,263,380,263,Pimple
0082.jpg,381,133,405,133,405,204,381,204,Extractor
0082.jpg,386,103,404,103,404,130,386,130,Kit
0067.jpg,36,118,119,118,119,145,36,145,Sentia
0067.jpg,15,146,61,146,61,165,15,165,choose
0067.jpg,61,148,96,148,96,166,61,166,your
0067.jpg,96,145,143,145,143,164,96,164,health
0067.jpg,15,206,105,206,105,225,15,225,hyaluronic
0067.jpg,105,204,143,204,143,224,105,224,Acid
0067.jpg,52,230,106,230,106,246,52,246,Serum
0067.jpg,37,301,122,301,122,318,37,318,Professional
0067.jpg,15,320,98,320,98,339,15,339,Moisturizing
0067.jpg,101,322,132,322,132,336,101,336,Seru
#0067.jpg,40,408,51,408,51,425,40,425,1
#0067.jpg,50,408,61,408,61,426,50,426,fl
#0067.jpg,62,408,78,408,78,424,62,424,oz
#0067.jpg,84,408,98,408,98,424,84,424,30
#0067.jpg,99,411,118,411,118,425,99,425,mL
0067.jpg,176,309,224,309,224,325,176,325,Sentia
0067.jpg,166,326,190,326,190,337,166,337,choose
0067.jpg,190,326,210,326,210,338,190,338,your
0067.jpg,210,326,236,326,236,337,210,337,health
0067.jpg,149,342,228,342,228,362,149,362,Hyaluronic
0067.jpg,227,341,260,341,260,359,227,359,Acid
0067.jpg,178,364,228,364,228,381,178,381,Serum
0067.jpg,165,395,238,395,238,412,165,412,Professional
0067.jpg,148,412,220,412,220,431,148,431,Moisturizing
0067.jpg,220,412,257,412,257,427,220,427,Serum
#0067.jpg,179,440,184,440,184,450,179,450,1
#0067.jpg,192,441,201,441,201,451,192,451,oz
#0067.jpg,205,440,214,440,214,451,205,451,30
#0067.jpg,215,440,227,440,227,450,215,450,mL
0067.jpg,278,96,312,107,308,125,272,112,BEST
0067.jpg,313,105,318,121,347,104,336,90,BUY
0067.jpg,250,59,311,59,311,86,250,86,BEST
0067.jpg,313,55,358,55,358,79,313,79,BUY
0067.jpg,265,36,302,17,307,35,273,50,BEST
0067.jpg,307,20,305,37,333,44,341,29,BUY
0056.jpg,58,182,121,202,119,244,56,218,HollyBerry
0056.jpg,267,302,387,302,387,337,267,337,HollyBerry
0056.jpg,242,326,296,340,295,358,240,344,Organie
0056.jpg,294,338,296,356,351,355,350,340,Marine
0056.jpg,350,341,352,358,412,347,410,328,Collagen
0056.jpg,299,354,329,354,329,372,299,372,Eye
0056.jpg,331,355,355,355,355,370,331,370,Gel
0056.jpg,100,239,138,256,136,278,97,259,Collagen
0056.jpg,72,230,73,251,99,259,100,239,Marine
0056.jpg,74,250,89,256,91,276,72,267,Eye
0056.jpg,89,256,91,276,103,282,106,264,Gel
0056.jpg,96,309,95,326,114,331,113,312,Free
0055.jpg,8,272,88,272,88,306,8,306,DHC
0055.jpg,9,317,32,317,32,362,9,362,LIP
0055.jpg,11,364,30,364,30,453,11,453,CREAM
0080.jpg,140,131,312,131,312,161,140,161,GROOMARANG
0080.jpg,65,259,96,259,96,360,65,360,GROOMARANG
0102.jpg,60,402,134,402,134,430,60,430,Panasonic
0102.jpg,80,215,107,215,107,229,80,229,SOFT
0060.jpg,51,161,108,161,108,176,51,176,AVON
0060.jpg,50,181,109,181,109,206,50,206,skin
#0060.jpg,60,204,92,204,92,223,60,223,so
0060.jpg,50,214,107,214,107,244,50,244,soft
0060.jpg,59,243,102,243,102,261,59,261,original
0060.jpg,45,348,61,348,61,360,45,360,dry
0060.jpg,61,348,72,348,72,359,61,359,oil
0060.jpg,73,349,97,349,97,359,73,359,spray
0060.jpg,46,443,64,443,64,458,46,458,150
#0060.jpg,66,442,81,442,81,458,66,458,ml
#0060.jpg,81,444,95,444,95,457,81,457,e
0049.jpg,93,240,224,240,224,277,93,277,BioSphere
0049.jpg,260,47,388,47,388,77,260,77,BioSphere
0049.jpg,344,71,387,71,387,83,344,83,Naturel
0049.jpg,179,272,224,272,224,284,179,284,Naturel
0049.jpg,282,214,366,214,366,236,282,236,Lumiere
0049.jpg,289,237,331,237,331,256,289,256,Creme
0049.jpg,331,238,358,238,358,256,331,256,Jour
0049.jpg,128,370,165,370,165,383,128,383,Creme
0049.jpg,165,371,188,371,188,383,165,383,Jour
0049.jpg,122,348,193,348,193,369,122,369,Lumiere
0049.jpg,143,478,175,478,175,488,143,488,France
0049.jpg,147,468,168,468,168,478,147,478,50ml
#0049.jpg,310,451,325,451,325,468,310,468,50
#0049.jpg,325,453,343,453,343,466,325,466,ml
0049.jpg,298,468,353,468,353,485,298,485,France
0004.jpg,112,90,231,90,231,175,112,175,wild
0004.jpg,225,83,374,83,374,181,225,181,willies
0004.jpg,97,198,228,198,228,270,97,270,BEARD
0004.jpg,241,197,396,197,396,268,241,268,BUTTER
0004.jpg,108,285,220,285,220,310,108,310,PREMIUM
0004.jpg,227,286,307,286,307,308,227,308,BEARD
0004.jpg,312,285,384,285,384,308,312,308,BALM
0004.jpg,169,353,191,353,191,365,169,365,EST
0004.jpg,288,353,328,353,328,366,288,366,MMXV
#0004.jpg,243,411,259,411,259,421,243,421,OZ
#0004.jpg,234,407,242,407,242,423,234,423,5
0096.jpg,162,214,176,214,176,295,162,295,actislim
0096.jpg,168,219,198,219,198,383,168,383,Platinum
0096.jpg,204,336,278,336,278,364,204,364,WEEK
#0096.jpg,196,216,281,216,281,335,196,335,4
0096.jpg,288,219,280,237,313,255,320,234,NEW
0096.jpg,282,236,278,244,310,262,313,252,STRONGER
0096.jpg,278,243,274,251,306,268,309,260,FORMULA
0096.jpg,205,362,277,362,277,383,205,383,SUPPLY
#0096.jpg,207,381,219,381,219,394,207,394,56
0096.jpg,220,383,274,383,274,395,220,395,CAPSULES
