0043.jpg,122,34,273,34,273,93,122,93,Sheila
0043.jpg,8,82,314,82,314,144,8,144,OFlanagan
0043.jpg,42,10,68,10,68,28,42,28,THE
0043.jpg,74,8,114,8,114,27,74,27,NO1
0043.jpg,119,8,220,8,220,28,119,28,BESTSELLING
0043.jpg,224,9,290,9,290,27,224,27,AUTHOR
#0043.jpg,35,281,126,281,126,357,35,357,my
0043.jpg,9,347,228,347,228,409,9,409,mothers
0043.jpg,62,409,226,409,226,465,62,465,secret
0026.jpg,25,75,119,75,119,156,25,156,Tea
0026.jpg,78,75,116,75,116,90,78,90,THE
0026.jpg,119,72,302,72,302,163,119,163,Plantess
0026.jpg,160,154,289,154,289,236,160,236,Wife
0026.jpg,36,33,144,33,144,70,36,70,DINAH
0026.jpg,148,34,299,34,299,72,148,72,JEFFERIES
0026.jpg,50,16,77,16,77,32,50,32,The
0026.jpg,77,15,126,15,126,33,77,33,Number
0026.jpg,128,16,153,16,153,33,128,33,One
0026.jpg,154,14,194,14,194,31,154,31,Sunday
0026.jpg,194,13,230,13,230,33,194,33,Times
0026.jpg,230,12,282,12,282,31,230,31,Bestseller
#0026.jpg,161,238,182,238,182,254,161,254,My
0026.jpg,181,236,208,236,208,254,181,254,ideal
0026.jpg,210,239,232,239,232,253,210,253,read
#0026.jpg,240,236,249,236,249,250,240,250,I
0026.jpg,249,236,290,236,290,252,249,252,couldn't
0026.jpg,195,255,212,255,212,266,195,266,put
#0026.jpg,213,254,224,254,224,265,213,265,it
0026.jpg,223,253,253,253,253,266,223,266,down
0026.jpg,167,266,204,266,204,284,167,284,SANTA
0026.jpg,208,266,284,266,284,282,208,282,MONTEFIORE
0026.jpg,59,454,87,454,87,468,59,468,How
0026.jpg,91,455,121,455,121,469,91,469,many
0026.jpg,124,458,159,458,159,468,124,468,secrets
0026.jpg,161,455,188,455,188,467,161,467,does
#0026.jpg,187,454,201,454,201,468,187,468,it
0026.jpg,202,455,225,455,225,469,202,469,take
#0026.jpg,227,457,239,457,239,469,227,469,to
0026.jpg,241,453,273,453,273,468,241,468,break
0026.jpg,108,470,127,470,127,484,108,484,the
0026.jpg,128,468,169,468,169,486,128,486,perfect
0026.jpg,171,469,218,469,218,486,171,486,marriage
0005.jpg,30,248,284,248,284,304,30,304,BEHIND
0005.jpg,16,308,296,308,296,368,16,368,CLOSED
0005.jpg,27,368,284,368,284,427,27,427,DOORS
0005.jpg,146,445,235,445,235,471,146,471,PARIS
0005.jpg,136,67,199,67,199,81,136,81,PERFECT
0005.jpg,201,67,225,67,225,79,201,79,LIE
#0005.jpg,158,51,176,51,176,61,158,61,OR
0005.jpg,179,50,207,50,207,63,179,63,THE
0005.jpg,144,36,214,36,214,47,144,47,MARRIAGE
0005.jpg,139,18,162,18,162,30,139,30,THE
0005.jpg,169,19,229,19,229,31,169,31,PERFECT
#0005.jpg,77,448,91,448,91,468,77,468,B
#0005.jpg,108,446,127,446,127,466,108,466,A
0018.jpg,10,210,258,210,258,280,10,280,CAREER
#0018.jpg,48,294,100,294,100,333,48,333,OF
0018.jpg,110,281,291,281,291,359,110,359,EVIL
#0018.jpg,28,360,37,360,37,376,28,376,A
0018.jpg,44,359,151,359,151,377,44,377,CORMORAN
0018.jpg,154,358,223,358,223,379,154,379,STRIKE
0018.jpg,222,358,288,358,288,379,222,379,NOVEL
0018.jpg,90,383,222,383,222,416,90,416,ROBERT
0018.jpg,6,417,302,417,302,467,6,467,GALBRAITH
0018.jpg,31,473,71,473,71,487,31,487,THE
0018.jpg,70,470,140,470,140,487,70,487,NUMBER
0018.jpg,144,470,176,470,176,487,144,487,ONE
0018.jpg,181,469,283,469,283,488,181,488,BESTSELLER
#0018.jpg,19,11,32,11,32,30,19,30,A
0018.jpg,34,12,62,12,62,29,34,29,page
0018.jpg,68,15,109,15,109,26,68,26,turner
0018.jpg,110,12,136,12,136,28,110,28,that
0018.jpg,138,10,162,10,162,27,138,27,will
0018.jpg,163,12,194,12,194,28,163,28,keep
0018.jpg,194,14,219,14,219,30,194,30,you
#0018.jpg,219,16,237,16,237,29,219,29,up
0018.jpg,239,10,258,10,258,28,239,28,all
0018.jpg,257,13,292,13,292,29,257,29,night
0092.jpg,19,107,313,107,313,163,19,163,GUMDROPS
0092.jpg,13,35,299,10,298,91,27,101,whiskey
0092.jpg,35,401,122,401,122,431,35,431,Blueberry
0092.jpg,45,422,109,422,109,451,45,451,Springs
0092.jpg,188,378,323,378,323,437,188,437,JEAN
0092.jpg,153,435,324,435,324,482,153,482,ORAM
#0092.jpg,97,477,120,477,120,497,97,497,NY
0092.jpg,122,479,165,479,165,496,122,496,TIMES
0092.jpg,168,479,256,479,256,497,168,497,BESTSELLING
0092.jpg,259,478,318,478,318,497,259,497,AUTHOR
0001.jpg,120,49,179,49,179,93,120,93,Jill
0001.jpg,27,77,292,77,292,144,27,144,Mansell
0001.jpg,61,28,83,28,83,45,61,45,The
0001.jpg,86,30,132,30,132,43,86,43,Number
0001.jpg,135,31,158,31,158,42,135,42,One
0001.jpg,160,29,222,29,222,44,160,44,Bestselling
0001.jpg,224,29,263,29,263,43,224,43,Author
0001.jpg,174,287,279,229,271,185,168,188,you
#0001.jpg,198,259,273,259,273,315,198,315,me
0001.jpg,120,305,310,316,305,389,105,410,Always
0001.jpg,117,251,161,251,161,288,117,288,and
0001.jpg,174,416,206,416,206,428,174,428,Love
0001.jpg,210,416,251,416,251,428,210,428,comes
0001.jpg,179,429,202,429,202,444,179,444,and
0001.jpg,205,432,235,432,235,448,205,448,goes
0001.jpg,162,446,211,446,211,463,162,463,friends
0001.jpg,212,450,234,450,234,461,212,461,are
0001.jpg,236,445,257,445,257,463,236,463,for
0001.jpg,261,446,286,446,286,460,261,460,ever
0075.jpg,46,65,269,65,269,121,46,121,Sleepless
#0075.jpg,170,113,202,113,202,139,170,139,in
0075.jpg,39,149,291,136,294,172,35,200,manhattan
0075.jpg,11,10,133,10,133,61,11,61,SARAH
0075.jpg,141,11,301,11,301,61,141,61,MORGAN
0075.jpg,48,468,124,468,124,497,48,497,FREE
0075.jpg,130,469,258,469,258,497,130,497,SAMPLER
0021.jpg,37,37,286,37,286,136,37,136,Kitty
0021.jpg,59,125,264,125,264,186,59,186,Neale
0021.jpg,27,17,64,17,64,32,27,32,THE
0021.jpg,68,17,135,17,135,32,68,32,SUNDAY
0021.jpg,141,15,191,15,191,32,141,32,TIMES
0021.jpg,193,17,303,17,303,33,193,33,BESTSELLER
#0021.jpg,58,383,101,383,101,430,58,430,A
0021.jpg,111,383,269,383,269,439,111,439,Family
0021.jpg,90,435,274,435,274,479,90,479,Scandal
0064.jpg,15,20,39,20,39,45,15,45,THE
0064.jpg,16,17,152,17,152,89,16,89,HUNDRED
0064.jpg,19,87,92,87,92,140,19,140,YEAR
0064.jpg,95,86,149,86,149,141,95,141,OLD
0064.jpg,14,138,150,138,150,205,14,205,MAN
0064.jpg,12,233,60,233,60,280,12,280,WHO
0064.jpg,61,232,147,232,147,277,61,277,CLIMBED
0064.jpg,14,278,70,278,70,318,14,318,OUT
#0064.jpg,72,277,102,277,102,318,72,318,OF
0064.jpg,100,276,147,276,147,321,100,321,THE
0064.jpg,14,316,125,316,125,363,14,363,WINDOW
0064.jpg,120,329,147,329,147,350,120,350,AND
0064.jpg,18,362,149,362,149,405,18,405,DISAPPEARED
0064.jpg,18,410,146,410,146,438,18,438,JONAS
0064.jpg,20,432,146,432,146,467,20,467,JONASSON
0064.jpg,178,121,211,121,211,144,178,144,THE
0064.jpg,180,143,294,143,294,167,180,167,INTERNATIONAL
0064.jpg,179,163,297,163,297,181,179,181,BESTSELLING
0064.jpg,179,177,296,177,296,205,179,205,SENSATION
0085.jpg,83,40,243,40,243,85,83,85,BORIS
0085.jpg,28,90,293,90,293,134,28,134,JOHNSON
0085.jpg,44,17,70,17,70,34,44,34,The
0085.jpg,71,17,126,17,126,35,71,35,Sunday
0085.jpg,126,17,168,17,168,35,126,35,Times
0085.jpg,168,19,196,19,196,34,168,34,Top
#0085.jpg,196,15,217,15,217,35,196,35,10
0085.jpg,217,17,281,17,281,34,217,34,Bestseller
0085.jpg,145,312,181,312,181,332,145,332,THE
0085.jpg,10,339,315,339,315,383,10,383,CHURCHILL
0085.jpg,58,389,271,389,271,436,58,436,FACTOR
0085.jpg,17,442,67,442,67,460,17,460,HOW
0085.jpg,71,442,112,442,112,460,71,460,ONE
0085.jpg,116,441,162,441,162,459,116,459,MAN
0085.jpg,165,442,222,442,222,460,165,460,MADE
0085.jpg,224,440,306,440,306,462,224,462,HISTORY
#0085.jpg,57,470,64,470,64,481,57,481,A
0085.jpg,65,471,110,471,110,482,65,482,stunning
0085.jpg,112,471,134,471,134,481,112,481,tour
#0085.jpg,135,468,149,468,149,481,135,481,de
0085.jpg,150,468,175,468,175,482,150,482,force
0085.jpg,181,467,218,467,218,483,181,483,Sunday
0085.jpg,220,471,272,471,272,482,220,482,Telegraph
#0037.jpg,44,109,80,109,80,161,44,161,A
0037.jpg,92,108,286,108,286,163,92,163,PLACE
0037.jpg,38,167,294,167,294,224,38,224,CALLED
0037.jpg,36,231,294,231,294,285,36,285,WINTER
0037.jpg,44,329,73,329,73,346,44,346,JOJO
0037.jpg,77,330,122,330,122,344,77,344,MOYES
0037.jpg,33,350,293,350,293,417,33,417,PATRICK
0037.jpg,72,415,255,415,255,479,72,479,GALE
0084.jpg,89,57,244,57,244,114,89,114,Erica
0084.jpg,60,110,258,110,258,179,60,179,James
0084.jpg,42,174,175,174,175,259,42,259,Song
#0084.jpg,187,186,220,186,220,242,187,242,of
0084.jpg,229,183,274,183,274,225,229,225,the
0084.jpg,69,248,252,248,252,318,69,318,skylark
0084.jpg,23,26,63,26,63,42,23,42,THE
0084.jpg,68,24,131,24,131,42,68,42,SUNDAY
0084.jpg,135,24,181,24,181,42,135,42,TIMES
0084.jpg,186,22,300,22,300,45,186,45,BESTSELLER
0070.jpg,26,13,279,13,279,94,26,94,SILENCE
0070.jpg,21,453,151,453,151,479,21,479,NATASHA
0070.jpg,160,453,284,453,284,478,160,478,PRESTON
0015.jpg,29,21,95,21,95,45,29,45,Theres
0015.jpg,16,47,110,47,110,75,16,75,Something
0015.jpg,22,79,58,79,58,104,22,104,I've
0015.jpg,59,70,106,70,106,94,59,94,Been
0015.jpg,18,109,81,109,81,135,18,135,Dying
#0015.jpg,81,99,109,99,109,120,81,120,To
0015.jpg,20,139,60,139,60,162,20,162,Tell
0015.jpg,63,135,101,135,101,166,63,166,You
0015.jpg,29,366,182,366,182,424,29,424,Lynda
0015.jpg,17,416,311,416,311,484,17,484,Bellingham
0025.jpg,76,92,239,92,239,152,76,152,LEE
0025.jpg,14,152,302,152,302,229,14,229,CHILD
0025.jpg,51,234,186,234,186,280,51,280,MAKE
#0025.jpg,198,233,267,233,267,282,198,282,ME
0025.jpg,55,32,126,32,126,59,55,59,JACK
0025.jpg,132,35,269,35,269,60,132,60,REACHER
0025.jpg,118,21,150,21,150,31,118,31,THE
0025.jpg,158,20,196,20,196,31,158,31,NEW
0025.jpg,115,61,199,61,199,76,115,76,THRILLER
0025.jpg,55,465,119,465,119,482,55,482,Relentlessly
0025.jpg,121,465,183,465,183,483,121,483,entertaining
0025.jpg,186,465,214,465,214,480,186,480,Mail
#0025.jpg,214,468,228,468,228,481,214,481,on
0025.jpg,227,465,271,465,271,483,227,483,Sunday
0025.jpg,197,339,223,339,223,353,197,353,STOP
0025.jpg,191,327,226,290,235,296,195,335,CROSSING
0025.jpg,194,293,211,309,202,315,188,301,RAIL
0025.jpg,217,313,210,320,226,335,233,327,ROAD
0071.jpg,14,177,312,177,312,245,14,245,EAGLES
#0071.jpg,146,249,177,249,177,273,146,273,AT
0071.jpg,64,277,255,277,255,340,64,340,WAR
0071.jpg,29,344,61,344,61,358,29,358,THE
0071.jpg,67,345,138,345,138,356,67,356,SUNDAY
0071.jpg,139,344,191,344,191,358,139,358,TIMES
0071.jpg,196,346,294,346,294,358,196,358,BESTSELLER
0071.jpg,21,366,140,366,140,422,21,422,BEN
0071.jpg,147,360,305,360,305,424,147,424,KANE
0071.jpg,65,435,87,435,87,450,65,450,The
0071.jpg,88,436,122,436,122,453,88,453,rising
0071.jpg,123,437,145,437,145,450,123,450,star
#0071.jpg,147,436,160,436,160,450,147,450,of
0071.jpg,162,435,215,435,215,450,162,450,historical
0071.jpg,216,436,256,436,256,450,216,450,fiction
0071.jpg,87,452,164,452,164,473,87,473,WILBUR
0071.jpg,169,452,236,452,236,470,169,470,SMITH
0099.jpg,91,23,126,23,126,49,91,49,you
0099.jpg,127,26,169,26,169,45,127,45,cant
0099.jpg,171,20,212,20,212,46,171,46,blend
#0099.jpg,216,30,233,30,233,45,216,45,in
0099.jpg,37,44,76,44,76,69,37,69,when
0099.jpg,80,51,107,51,107,71,80,71,you
0099.jpg,113,51,147,51,147,68,113,68,were
0099.jpg,150,44,186,44,186,66,150,66,born
#0099.jpg,189,47,207,47,207,68,189,68,to
0099.jpg,212,46,256,46,256,67,212,67,stand
0099.jpg,259,45,284,45,284,65,259,65,out
0099.jpg,66,233,186,233,186,298,66,298,wonDer
#0099.jpg,85,442,111,442,111,474,85,474,R
#0099.jpg,112,440,133,440,133,473,112,473,J
0099.jpg,135,439,234,439,234,478,135,478,PAlAcio
0034.jpg,10,297,308,297,308,392,10,392,Harlan
0034.jpg,4,381,312,381,312,470,4,470,Coben
0034.jpg,10,123,134,123,134,175,10,175,Fool
#0034.jpg,141,128,230,128,230,174,141,174,Me
0034.jpg,110,162,306,162,306,232,110,232,Once
0034.jpg,27,19,58,19,58,38,27,38,You
0034.jpg,59,22,99,22,99,38,59,38,think
0034.jpg,99,24,129,24,129,40,99,40,you
0034.jpg,22,40,62,40,62,54,22,54,know
0034.jpg,64,41,89,41,89,54,64,54,the
0034.jpg,93,38,129,38,129,55,93,55,truth
0034.jpg,22,67,50,67,50,81,22,81,The
0034.jpg,52,68,88,68,88,80,52,80,truth
#0034.jpg,93,65,103,65,103,80,93,80,is
0034.jpg,106,70,133,70,133,82,106,82,you
0034.jpg,29,84,67,84,67,99,29,99,know
0034.jpg,68,84,125,84,125,100,68,100,nothing
0034.jpg,20,469,48,469,48,487,20,487,The
0034.jpg,49,470,139,470,139,486,49,486,International
0034.jpg,138,470,196,470,196,487,138,487,Number
0034.jpg,197,470,228,470,228,486,197,486,One
0034.jpg,229,472,297,472,297,487,229,487,Bestseller
0072.jpg,5,250,143,250,143,309,5,309,TRY
0072.jpg,6,310,144,310,144,365,6,365,NOT
#0072.jpg,155,311,258,311,258,365,155,365,TO
0072.jpg,4,367,305,367,305,427,4,427,BREATHE
0072.jpg,5,432,132,432,132,468,5,468,HOLLY
0072.jpg,141,434,307,434,307,469,141,469,SEDDON
0072.jpg,172,255,251,255,251,268,172,268,FORGOTTEN
0072.jpg,256,256,285,256,285,268,256,268,GIRL
0072.jpg,173,270,236,270,236,285,173,285,TERRIBLE
0072.jpg,237,270,285,270,285,284,237,284,SECRET
0072.jpg,161,288,191,288,191,302,161,302,TWO
0072.jpg,194,286,231,286,231,302,194,302,LIVES
#0072.jpg,233,288,251,288,251,301,233,301,AT
0072.jpg,253,289,293,289,293,302,253,302,STAKE
#0072.jpg,159,256,172,256,172,267,159,267,A
#0072.jpg,160,272,171,272,171,284,160,284,A
0072.jpg,214,185,229,185,229,195,214,195,The
0072.jpg,230,185,248,185,248,195,230,195,Girl
#0072.jpg,248,187,259,187,259,195,248,195,on
0072.jpg,260,187,274,187,274,195,260,195,the
0072.jpg,277,185,299,185,299,196,277,196,Train
0072.jpg,218,216,243,216,243,225,218,225,TESS
0072.jpg,244,216,291,216,291,226,244,226,GERRITSEN
0047.jpg,128,54,196,54,196,92,128,92,The
0047.jpg,16,79,305,79,305,153,16,153,Throwaway
0047.jpg,44,138,278,138,278,194,44,194,Children
0047.jpg,44,22,72,22,72,36,44,36,THE
0047.jpg,77,22,191,22,191,33,77,33,INTERNATIONAL
0047.jpg,196,22,282,22,282,35,196,35,BESTSELLER
0047.jpg,35,455,125,455,125,478,35,478,DINEY
0047.jpg,134,454,291,454,291,479,134,479,COSTELOE
0098.jpg,15,50,185,50,185,101,15,101,LONG
0098.jpg,190,47,334,47,334,101,190,101,TIME
0098.jpg,44,102,305,102,305,157,44,157,COMING
#0098.jpg,54,21,67,21,67,36,54,36,A
0098.jpg,68,21,91,21,91,39,68,39,4.5
0098.jpg,94,20,121,20,121,36,94,36,star
0098.jpg,123,22,191,22,191,37,123,37,Romantic
0098.jpg,191,22,234,22,234,37,191,37,Times
0098.jpg,236,20,261,20,261,39,236,39,Top
0098.jpg,265,21,297,21,297,37,265,37,Pick
0098.jpg,188,397,280,397,280,419,188,419,GHOSTLY
0098.jpg,136,417,247,417,247,438,136,438,ROMANTIC
0098.jpg,248,417,326,417,326,438,248,438,FICTION
0098.jpg,136,441,212,441,212,473,136,473,EDIE
0098.jpg,215,439,329,439,329,472,215,472,CLAIRE
0098.jpg,42,439,104,423,94,391,31,409,BESTSELLING
0098.jpg,52,427,83,417,90,434,58,442,USA
0098.jpg,48,443,102,428,105,442,54,457,TODAY
0098.jpg,100,446,54,461,62,477,107,461,AUTHOR
0090.jpg,115,315,188,315,188,355,115,355,The
0090.jpg,5,354,157,354,157,437,5,437,Book
0090.jpg,155,353,312,353,312,442,155,442,Thief
0090.jpg,36,65,165,65,165,90,36,90,MARKUS
0090.jpg,178,64,281,64,281,87,178,87,ZUSAK
0090.jpg,17,29,48,29,48,46,17,46,THE
0090.jpg,54,28,88,28,88,44,54,44,NO1
0090.jpg,97,30,213,30,213,45,97,45,INTERNATIONAL
0090.jpg,219,31,301,31,301,44,219,44,BESTSELLER
0090.jpg,47,453,77,453,77,466,47,466,novel
0090.jpg,92,454,126,454,126,467,92,467,breath
0090.jpg,130,451,165,451,165,468,130,468,taking
0090.jpg,166,454,195,454,195,468,166,468,scope
0090.jpg,201,453,260,453,260,466,201,466,masterfully
0090.jpg,260,454,282,454,282,466,260,466,told
0090.jpg,138,470,182,470,182,483,138,483,Guardian
#0090.jpg,34,454,47,454,47,466,34,466,A
0069.jpg,107,167,170,167,170,207,107,207,The
0069.jpg,7,193,204,193,204,242,7,242,Ballroom
0069.jpg,212,190,315,190,315,251,212,251,Cafe
0069.jpg,67,249,119,249,119,269,67,269,Secrets
0069.jpg,119,248,162,248,162,269,119,269,Can't
0069.jpg,163,249,199,249,199,268,163,268,Last
0069.jpg,200,248,255,248,255,268,200,268,Forever
0069.jpg,107,278,213,278,213,321,107,321,Ann
0069.jpg,12,319,310,319,310,371,12,371,O'Loughlin
0068.jpg,29,84,65,60,74,73,42,95,THE
0068.jpg,68,58,79,75,151,52,145,33,NUMBER
0068.jpg,153,32,190,32,190,54,153,54,ONE
0068.jpg,195,36,194,58,292,106,306,80,BESTSELLER
0068.jpg,103,120,221,120,221,174,103,174,JOJO
0068.jpg,43,178,283,178,283,231,43,231,MOYES
0068.jpg,124,248,199,248,199,277,124,277,THE
0068.jpg,77,234,119,303,98,326,38,253,One
0068.jpg,120,284,210,284,210,340,120,340,Plus
0068.jpg,290,251,229,325,202,283,268,234,One
0036.jpg,37,67,143,67,143,128,37,128,The
0036.jpg,11,128,147,128,147,201,11,201,Other
0036.jpg,149,124,239,124,239,192,149,192,son
0036.jpg,21,447,97,447,97,474,21,474,nick
0036.jpg,110,440,294,440,294,476,110,476,alexander
0036.jpg,23,476,89,476,89,495,23,495,bestselling
0036.jpg,92,474,135,474,135,493,92,493,author
#0036.jpg,133,474,150,474,150,491,133,491,of
0036.jpg,149,475,171,475,171,493,149,493,The
0036.jpg,173,474,260,474,260,493,173,493,Photographer's
0036.jpg,260,472,287,472,287,495,260,495,Wife
0076.jpg,191,1,328,1,328,462,191,462,FIREMAN
0076.jpg,73,176,116,176,116,204,73,204,THE
0076.jpg,119,171,188,171,188,205,119,205,WORLD
0076.jpg,77,204,128,204,128,232,77,232,WILL
0076.jpg,132,202,190,202,190,230,132,230,BURN
0076.jpg,17,240,92,240,92,292,17,292,JOE
0076.jpg,104,239,193,239,193,293,104,293,HILL
0076.jpg,19,296,42,296,42,311,19,311,THE
0076.jpg,43,295,87,295,87,309,43,309,SUNDAY
0076.jpg,89,293,126,293,126,309,89,309,TIMES
0076.jpg,127,293,196,293,196,307,127,307,BESTSELLER
0076.jpg,67,307,201,307,201,495,67,495,THE
0011.jpg,111,140,256,140,256,211,111,211,THE
0011.jpg,7,209,366,209,366,291,7,291,WORLD'S
0011.jpg,19,290,361,290,361,380,19,380,WORST
0011.jpg,9,380,362,380,362,447,9,447,CHILDREN
0011.jpg,21,468,94,468,94,487,21,487,Illustrated
#0011.jpg,96,467,109,467,109,486,96,486,in
0011.jpg,113,468,168,468,168,488,113,488,glorious
0011.jpg,169,470,215,470,215,485,169,485,colour
#0011.jpg,217,469,235,469,235,486,217,486,by
0011.jpg,235,453,296,453,296,495,235,495,Tony
0011.jpg,298,453,355,453,355,491,298,491,Ross
0011.jpg,13,24,167,24,167,91,13,91,David
0011.jpg,166,25,368,25,368,88,166,88,Walliams
0011.jpg,20,7,63,7,63,26,20,26,from
0011.jpg,66,5,97,5,97,27,66,27,the
0011.jpg,100,2,169,2,169,29,100,29,NUMBER
0011.jpg,173,4,206,4,206,27,173,27,ONE
0011.jpg,208,5,299,5,299,31,208,31,bestselling
0011.jpg,301,6,360,6,360,30,301,30,author
0011.jpg,295,100,360,111,358,129,293,117,BEWARE
0011.jpg,286,116,307,122,304,134,284,130,Ten
0011.jpg,307,119,365,129,363,142,307,135,delightfully
0011.jpg,286,131,334,139,330,152,287,145,dreadful
0011.jpg,333,140,358,142,355,155,332,150,tales
0011.jpg,302,150,337,154,334,166,300,161,within
0014.jpg,110,83,155,83,155,116,110,116,The
0014.jpg,42,116,283,116,283,186,42,186,Butterfly
0014.jpg,86,184,271,184,271,243,86,243,Summer
#0014.jpg,68,389,82,389,82,402,68,402,It
0014.jpg,83,386,121,386,121,403,83,403,begins
0014.jpg,122,390,144,390,144,401,122,401,and
0014.jpg,146,390,174,390,174,401,146,401,ends
0014.jpg,175,387,204,387,204,401,175,401,with
0014.jpg,205,385,259,385,259,404,205,404,Keepsake
0014.jpg,106,407,126,407,126,424,106,424,the
0014.jpg,128,407,163,407,163,425,128,425,house
0014.jpg,165,409,186,409,186,422,165,422,that
0014.jpg,189,409,222,409,222,423,189,423,holds
0014.jpg,100,430,115,430,115,444,100,444,its
0014.jpg,118,430,166,430,166,446,118,446,shadows
0014.jpg,168,430,190,430,190,446,168,446,too
0014.jpg,191,432,229,432,229,447,191,447,tightly
0014.jpg,40,19,172,19,172,53,40,53,Harriet
0014.jpg,182,20,298,20,298,52,182,52,Evans
0014.jpg,50,53,78,53,78,67,50,67,THE
0014.jpg,79,53,104,53,104,67,79,67,TOP
0014.jpg,108,53,137,53,137,66,108,66,FIVE
0014.jpg,141,54,226,54,226,67,141,67,BESTSELLING
0014.jpg,225,53,280,53,280,68,225,68,AUTHOR
0100.jpg,136,33,184,33,184,55,136,55,The
0100.jpg,52,61,273,61,273,125,52,125,SHOCK
#0100.jpg,119,120,153,120,153,158,119,158,of
0100.jpg,152,125,204,125,204,158,152,158,the
0100.jpg,63,154,281,154,281,283,63,283,FALL
0100.jpg,101,6,167,6,167,27,101,27,Stunning
#0100.jpg,174,5,191,5,191,27,174,27,SJ
0100.jpg,192,5,235,5,235,25,192,25,Watson
0100.jpg,243,398,274,398,274,408,243,408,COSTA
0100.jpg,228,406,251,406,251,417,228,417,Book
#0100.jpg,250,407,258,407,258,417,250,417,of
0100.jpg,258,407,271,407,271,418,258,418,the
0100.jpg,270,408,288,408,288,417,270,417,Year
0100.jpg,59,453,181,453,181,488,59,488,Nathan
0100.jpg,190,448,276,448,276,490,190,490,Filer
0016.jpg,26,42,133,42,133,103,26,103,JOJO
0016.jpg,143,42,301,42,301,89,143,89,MOYES
#0016.jpg,81,116,241,116,241,193,81,193,ME
0016.jpg,48,188,278,188,278,242,48,242,BEFORE
0016.jpg,59,240,258,240,258,333,59,333,you
0016.jpg,253,342,285,342,285,358,253,358,OVER
0016.jpg,227,357,309,357,309,376,227,376,8Million
0016.jpg,235,379,272,379,272,390,235,390,COPIES
0016.jpg,274,380,300,380,300,390,274,390,SOLD
0016.jpg,236,389,301,389,301,401,236,401,WORLDWIDE
0016.jpg,87,468,128,468,128,483,87,483,NOW
#0016.jpg,128,468,141,468,141,487,128,487,A
0016.jpg,143,468,196,468,196,485,143,485,MAJOR
0016.jpg,198,466,239,466,239,483,198,483,FILM
0016.jpg,45,26,74,26,74,38,45,38,THE
0016.jpg,76,25,183,25,183,41,76,41,INTERNATIONAL
0016.jpg,185,25,281,25,281,39,185,39,PHENOMENON
0062.jpg,92,61,232,61,232,122,92,122,KATE
0062.jpg,19,132,301,132,301,190,19,190,ATKINSON
0062.jpg,17,211,105,211,105,243,17,243,LIFE
0062.jpg,120,198,198,198,198,270,120,270,after
0062.jpg,211,211,298,211,298,243,211,243,LIFE
0062.jpg,59,291,113,291,113,311,59,311,Dazzling
0062.jpg,53,313,89,313,89,324,53,324,Gillian
0062.jpg,91,311,120,311,120,325,91,325,Flynn
#0062.jpg,33,364,45,364,45,380,33,380,A
0062.jpg,45,363,71,363,71,380,45,380,box
#0062.jpg,75,363,86,363,86,379,75,379,of
0062.jpg,90,362,141,362,141,382,90,382,delights
0062.jpg,53,382,85,382,85,399,53,399,Hilary
0062.jpg,86,383,124,383,124,399,86,399,Mantel
0062.jpg,52,442,126,442,126,458,52,458,Triumphant
0062.jpg,48,461,77,461,77,475,48,475,Daily
0062.jpg,78,460,129,460,129,476,78,476,Telegraph
0062.jpg,32,19,115,19,115,43,32,43,COSTA
0062.jpg,119,22,159,22,159,42,119,42,Novel
0062.jpg,160,23,202,23,202,40,160,40,Award
0062.jpg,206,25,238,25,238,42,206,42,2013
0062.jpg,241,23,292,23,292,42,241,42,Winner
0087.jpg,88,117,227,117,227,164,88,164,FOUR
0087.jpg,49,167,279,167,279,217,49,217,WEDDINGS
#0087.jpg,67,251,104,251,104,296,67,296,A
0087.jpg,116,250,267,250,267,296,116,296,FIASCO
0087.jpg,62,101,87,89,95,102,70,113,You
0087.jpg,90,89,112,81,116,93,95,102,are
0087.jpg,114,79,176,69,178,88,119,95,cordially
0087.jpg,176,66,227,66,227,81,176,81,invited
#0087.jpg,227,63,243,63,243,77,227,77,to
0087.jpg,81,414,165,414,165,436,81,436,Catherine
0087.jpg,170,414,248,414,248,438,170,438,Ferguson
#0033.jpg,149,72,176,72,176,174,149,174,I
#0033.jpg,96,174,228,174,228,266,96,266,AM
0033.jpg,10,274,309,274,309,365,10,365,PILGRIM
0033.jpg,31,414,53,414,53,425,31,425,THE
0033.jpg,55,414,80,414,80,427,55,427,ONLY
0033.jpg,22,428,69,428,69,441,22,441,THRILLER
0033.jpg,72,430,93,430,93,440,72,440,YOU
0033.jpg,23,441,49,441,49,458,23,458,NEED
#0033.jpg,48,442,64,442,64,458,48,458,TO
0033.jpg,65,441,94,441,94,456,65,456,READ
0033.jpg,32,457,55,457,55,472,32,472,THIS
0033.jpg,57,457,85,457,85,471,57,471,YEAR
0089.jpg,34,51,268,51,268,124,34,124,When
0089.jpg,92,124,237,124,237,193,92,193,She
0089.jpg,30,200,196,200,196,264,30,264,Was
0089.jpg,127,271,278,271,278,337,127,337,Bad
0089.jpg,37,278,69,272,72,282,38,290,Clever
0089.jpg,29,294,49,290,52,298,28,305,and
0089.jpg,48,289,54,300,80,293,77,282,fresh
#0089.jpg,30,304,37,304,37,314,30,314,I
0089.jpg,39,304,65,296,68,307,38,315,loved
#0089.jpg,65,297,70,309,78,305,74,295,it
0089.jpg,43,316,72,308,77,318,46,325,CLARE
0089.jpg,29,326,89,314,93,326,32,339,MACKINTOSH
0089.jpg,43,341,62,337,62,350,45,352,lier
0089.jpg,61,336,72,336,72,347,61,347,You
#0089.jpg,76,334,85,334,85,343,76,343,Go
0089.jpg,84,353,120,353,120,372,84,372,You
0089.jpg,121,355,151,355,151,372,121,372,see
0089.jpg,153,355,179,355,179,373,153,373,the
0089.jpg,182,355,241,355,241,375,182,375,people
0089.jpg,242,354,274,354,274,373,242,373,you
0089.jpg,44,380,86,380,86,396,44,396,work
0089.jpg,88,379,125,379,125,397,88,397,with
0089.jpg,125,381,171,381,171,399,125,399,every
0089.jpg,173,378,207,378,207,398,173,398,day
0089.jpg,78,404,111,404,111,421,78,421,But
0089.jpg,113,403,158,403,158,422,113,422,what
0089.jpg,162,404,206,404,206,422,162,422,can't
0089.jpg,207,407,239,407,239,425,207,425,you
0089.jpg,241,406,273,406,273,422,241,422,see
0089.jpg,21,436,146,436,146,478,21,478,TAMMY
0089.jpg,158,437,291,437,291,479,158,479,COHEN
0032.jpg,100,192,222,192,222,249,100,249,FOR
0032.jpg,16,271,300,271,300,325,16,325,REASONS
0032.jpg,6,348,312,348,312,404,6,404,UNKNOWN
#0032.jpg,81,414,94,414,94,428,81,428,A
0032.jpg,95,413,119,413,119,427,95,427,DCI
0032.jpg,120,411,169,411,169,428,120,428,Matilda
0032.jpg,173,411,213,411,213,428,173,428,Darke
0032.jpg,214,412,250,412,250,426,214,426,novel
0032.jpg,19,438,183,438,183,477,19,477,MICHAEL
0032.jpg,202,437,309,437,309,475,202,475,WOOD
0032.jpg,92,30,116,30,116,46,92,46,Two
0032.jpg,116,33,160,33,160,45,116,45,murders
0032.jpg,166,30,204,30,204,47,166,47,Twenty
0032.jpg,203,32,233,32,233,48,203,48,years
0032.jpg,74,47,100,47,100,62,74,62,Now
0032.jpg,101,47,117,47,117,62,101,62,the
0032.jpg,118,47,151,47,151,62,118,62,killer
#0032.jpg,150,46,161,46,161,62,150,62,is
0032.jpg,162,48,191,48,191,62,162,62,back
0032.jpg,192,49,208,49,208,60,192,60,for
0032.jpg,209,50,236,50,236,61,209,61,more
0017.jpg,7,102,329,102,329,167,7,167,SOLOMON
0017.jpg,51,220,294,220,294,287,51,287,CREED
0017.jpg,78,302,156,302,156,323,78,323,SIMON
0017.jpg,176,300,250,300,250,322,176,322,TOYNE
#0017.jpg,39,366,47,366,47,375,39,375,IF
0017.jpg,47,365,67,365,67,376,47,376,YOU
0017.jpg,68,365,86,365,86,375,68,375,BUY
0017.jpg,32,381,52,381,52,392,32,392,ONE
0017.jpg,53,381,91,381,91,393,53,393,THRILLER
0017.jpg,26,397,45,397,45,408,26,408,THIS
0017.jpg,47,397,70,397,70,409,47,409,YEAR
0017.jpg,73,398,97,398,97,408,73,408,MAKE
#0017.jpg,37,413,45,413,45,424,37,424,IT
0017.jpg,48,413,67,413,67,424,48,424,THIS
0017.jpg,70,413,87,413,87,424,70,424,ONE
0017.jpg,5,474,39,474,39,490,5,490,THE
0017.jpg,51,475,127,475,127,490,51,490,SUNDAY
0017.jpg,137,474,194,474,194,491,137,491,TIMES
0017.jpg,206,476,326,476,326,492,206,492,BESTSELLER
0017.jpg,56,185,111,185,111,200,56,200,Exhilarating
0017.jpg,130,185,167,185,167,197,130,197,Perfect
0017.jpg,168,186,182,186,182,198,168,198,for
0017.jpg,185,186,200,186,200,198,185,198,any
0017.jpg,201,185,223,185,223,199,201,199,fans
#0017.jpg,224,186,235,186,235,197,224,197,of
0017.jpg,237,186,253,186,253,197,237,197,Lee
0017.jpg,255,186,280,186,280,196,255,196,Child
0017.jpg,161,198,179,198,179,211,161,211,Sun
0017.jpg,93,47,121,47,121,61,93,61,HOW
0017.jpg,125,48,150,48,150,62,125,62,CAN
#0017.jpg,152,47,167,47,167,62,152,62,HE
0017.jpg,171,47,202,47,202,60,171,60,SAVE
#0017.jpg,206,49,212,49,212,60,206,60,A
0017.jpg,217,49,244,49,244,60,217,60,MAN
0017.jpg,101,67,128,67,128,78,101,78,WHO
#0017.jpg,132,67,145,67,145,79,132,79,IS
0017.jpg,147,67,200,67,200,77,147,77,ALREADY
0017.jpg,202,64,233,64,233,79,202,79,DEAD
0007.jpg,102,144,203,144,203,186,102,186,THE
0007.jpg,82,202,229,202,229,262,82,262,GIRL
#0007.jpg,45,274,134,274,134,324,45,324,ON
0007.jpg,150,275,272,275,272,324,150,324,THE
0007.jpg,62,343,250,343,250,394,62,394,TRAIN
0007.jpg,57,420,97,420,97,435,57,435,YOU
0007.jpg,103,419,157,419,157,436,103,436,DON'T
0007.jpg,164,417,217,417,217,437,164,437,KNOW
0007.jpg,220,418,259,418,259,435,220,435,HER
0007.jpg,64,439,100,439,100,457,64,457,BUT
0007.jpg,106,439,143,439,143,457,106,457,SHE
0007.jpg,149,440,211,440,211,457,149,457,KNOWS
0007.jpg,219,442,257,442,257,455,219,455,YOU
0007.jpg,79,56,248,56,248,94,79,94,PAULA
0007.jpg,40,92,277,92,277,129,40,129,HAWKINS
0007.jpg,55,26,91,26,91,44,55,44,THE
0007.jpg,93,27,159,27,159,43,93,43,GLOBAL
0007.jpg,161,27,266,27,266,43,161,43,BESTSELLER
#0030.jpg,123,92,156,92,156,155,123,155,A
0030.jpg,161,101,288,101,288,153,161,153,man
0030.jpg,106,158,284,158,284,207,106,207,called
0030.jpg,20,210,317,210,317,351,20,351,OVE
0030.jpg,91,383,223,383,223,416,91,416,FREDRIK
0030.jpg,71,419,239,419,239,449,71,449,BACKMAN
0030.jpg,169,44,203,44,203,55,169,55,WARM
0030.jpg,206,40,244,40,244,56,206,56,FUNNY
0030.jpg,153,59,222,59,222,73,153,73,UNBEARABLY
0030.jpg,222,59,263,59,263,73,222,73,MOVING
0030.jpg,36,6,70,6,70,27,36,27,THE
0030.jpg,73,7,142,7,142,25,73,25,MILLION
0030.jpg,149,9,189,9,189,24,149,24,COPY
0030.jpg,197,8,300,8,300,26,197,26,BESTSELLER
0009.jpg,70,68,158,53,157,84,81,95,FIONA
0009.jpg,161,52,258,52,258,91,161,91,GIBSON
0009.jpg,133,106,187,106,187,141,133,141,the
0009.jpg,56,110,271,110,271,217,56,217,WOMAN
0009.jpg,137,223,191,223,191,250,137,250,who
0009.jpg,65,225,196,261,188,318,36,299,UPPED
0009.jpg,196,258,255,258,255,296,196,296,and
0009.jpg,72,306,243,306,243,413,72,413,LEFT
0009.jpg,75,416,113,416,113,432,75,432,Have
0009.jpg,114,418,144,418,144,433,114,433,you
0009.jpg,145,419,177,419,177,431,145,431,ever
0009.jpg,179,418,234,418,234,432,179,432,wanted
#0009.jpg,234,418,251,418,251,431,234,431,to
0009.jpg,97,435,147,435,147,450,97,450,escape
0009.jpg,150,433,186,433,186,451,150,451,from
#0009.jpg,187,435,201,435,201,449,187,449,it
0009.jpg,202,432,223,432,223,449,202,449,all
0009.jpg,22,18,64,18,64,36,22,36,Warm
0009.jpg,69,17,111,17,111,34,69,34,funny
0009.jpg,112,19,139,19,139,32,112,32,and
0009.jpg,140,17,200,17,200,35,140,35,poignant
0009.jpg,206,18,231,18,231,33,206,33,The
0009.jpg,233,17,273,17,273,35,233,35,Daily
0009.jpg,274,18,305,18,305,33,274,33,Mail
0083.jpg,5,86,299,86,299,203,5,203,SARAH
0083.jpg,3,200,310,200,310,325,3,325,WATERS
0083.jpg,11,320,232,320,232,423,11,423,Paying
0083.jpg,82,307,147,307,147,346,82,346,The
0083.jpg,74,397,273,397,273,490,74,490,Guests
0083.jpg,229,289,254,289,254,306,229,306,THE
0083.jpg,203,307,247,307,247,319,203,319,SUNDAY
0083.jpg,247,306,281,306,281,320,247,320,TIMES
0083.jpg,199,321,248,321,248,335,199,335,FICITION
0083.jpg,248,321,282,321,282,334,248,334,BOOK
#0083.jpg,222,336,238,336,238,348,222,348,OF
0083.jpg,239,336,262,336,262,349,239,349,THE
0083.jpg,226,350,258,350,258,365,226,365,YEAR
0083.jpg,157,18,182,18,182,38,157,38,The
0083.jpg,126,34,223,34,223,60,126,60,International
0083.jpg,136,59,209,59,209,81,136,81,Bestseller
0041.jpg,42,120,283,120,283,184,42,184,GONE
0041.jpg,89,207,239,207,239,255,89,255,GIRL
0041.jpg,19,22,54,22,54,43,19,43,THE
0041.jpg,59,23,148,23,148,42,59,42,ADDICTIVE
0041.jpg,156,22,199,22,199,42,156,42,NO1
0041.jpg,207,24,302,24,302,41,207,41,BESTSELLER
0041.jpg,44,277,169,277,169,305,44,305,GILLIAN
0041.jpg,182,276,282,276,282,305,182,305,FLYNN
0041.jpg,52,470,95,470,95,483,52,483,SEARCH
0041.jpg,97,470,121,470,121,483,97,483,FOR
0041.jpg,126,469,185,469,185,483,126,483,AMAZING
0041.jpg,184,468,211,468,211,483,184,483,AMY
0041.jpg,218,469,285,469,285,482,218,482,CONTINUES
0082.jpg,32,112,178,112,178,165,32,165,Twenty
0082.jpg,192,113,301,113,301,166,192,166,Eight
0082.jpg,112,171,184,171,184,216,112,216,and
#0082.jpg,193,188,218,188,218,217,193,217,a
0082.jpg,45,225,142,225,142,272,45,272,Half
0082.jpg,146,228,284,228,284,274,146,274,Wishes
#0082.jpg,71,281,81,281,81,297,71,297,A
0082.jpg,83,281,122,281,122,297,83,297,ROSE
0082.jpg,124,281,196,281,196,296,124,296,GARDNER
0082.jpg,196,282,262,282,262,296,196,296,MYSTERY
0082.jpg,30,426,58,426,58,442,30,442,New
0082.jpg,58,425,84,425,84,442,58,442,York
0082.jpg,84,427,117,427,117,444,84,444,Times
0082.jpg,120,427,140,427,140,442,120,442,and
0082.jpg,142,426,166,426,166,443,142,443,USA
0082.jpg,167,425,198,425,198,446,167,446,Today
0082.jpg,201,426,262,426,262,446,201,446,Bestselling
0082.jpg,263,424,302,424,302,445,263,445,Author
0082.jpg,19,450,117,450,117,490,19,490,Denise
0082.jpg,121,449,216,449,216,490,121,490,Grover
0082.jpg,219,452,314,452,314,489,219,489,Swank
#0023.jpg,142,32,174,32,174,111,142,111,I
0023.jpg,56,116,260,116,260,198,56,198,LET
#0023.jpg,24,202,38,202,38,214,24,214,A
0023.jpg,40,201,78,201,78,218,40,218,tragic
0023.jpg,79,203,135,203,135,214,79,214,accident
#0023.jpg,141,200,153,200,153,215,141,215,A
0023.jpg,155,203,182,203,182,217,155,217,past
0023.jpg,184,205,209,205,209,216,184,216,you
0023.jpg,210,200,242,200,242,214,210,214,can't
0023.jpg,244,201,287,201,287,215,244,215,escape
0023.jpg,38,219,280,219,280,298,38,298,YOU
#0023.jpg,78,300,236,300,236,373,78,373,GO
0023.jpg,20,454,102,454,102,487,20,487,Clare
0023.jpg,112,455,293,455,293,487,112,487,Mackintosh
#0023.jpg,69,39,80,39,80,60,69,60,I
0023.jpg,54,61,95,61,95,83,54,83,SEE
0023.jpg,47,84,101,84,101,104,47,104,YOU
0023.jpg,44,9,77,9,77,29,44,29,The
0023.jpg,80,8,143,8,143,30,80,30,Sunday
0023.jpg,144,9,194,9,194,28,144,28,Times
0023.jpg,195,13,273,13,273,28,195,28,bestseller
0040.jpg,19,153,141,137,144,172,23,186,GREAT
0040.jpg,150,136,297,150,296,184,152,173,ESCAPE
0040.jpg,7,81,306,81,306,146,7,146,GRANDPA'S
0040.jpg,19,219,80,206,83,224,21,234,SPITFIRE
0040.jpg,17,235,85,222,88,236,20,249,INCLUDED
0040.jpg,31,248,84,236,86,251,33,260,Parachute
0040.jpg,49,259,67,255,71,261,51,268,not
0040.jpg,13,25,132,25,132,78,13,78,David
0040.jpg,135,24,303,24,303,69,135,69,Walliams
0040.jpg,9,4,51,4,51,22,9,22,from
0040.jpg,52,4,79,4,79,20,52,20,the
0040.jpg,81,4,142,4,142,20,81,20,NUMBER
0040.jpg,145,4,174,4,174,21,145,21,ONE
0040.jpg,177,6,253,6,253,23,177,23,bestselling
0040.jpg,257,3,307,3,307,21,257,21,author
0059.jpg,21,101,288,101,288,176,21,176,WILLOW
0059.jpg,23,172,307,172,307,247,23,247,COTTAGE
0059.jpg,216,433,249,433,249,454,216,454,Part
0059.jpg,216,450,242,450,242,468,216,468,One
0059.jpg,63,63,139,63,139,103,63,103,Bella
0059.jpg,145,64,264,64,264,102,145,102,Osborne
0059.jpg,87,46,155,24,157,45,95,64,Sunshine
0059.jpg,157,27,183,27,183,45,157,45,and
0059.jpg,190,30,239,50,234,62,185,49,Secrets
0103.jpg,40,95,278,95,278,160,40,160,LITTLE
0103.jpg,40,171,275,171,275,232,40,232,BLACK
0103.jpg,85,248,234,248,234,306,85,306,LIES
0103.jpg,99,316,147,316,147,334,99,334,UNTIL
0103.jpg,154,316,184,316,184,333,154,333,THE
0103.jpg,190,315,219,315,219,335,190,335,DAY
0103.jpg,73,340,105,340,105,358,73,358,SHE
0103.jpg,109,340,168,340,168,358,109,358,KILLED
#0103.jpg,174,341,196,341,196,357,174,357,MY
0103.jpg,201,341,243,341,243,357,201,357,SONS
0103.jpg,33,364,76,364,76,378,33,378,CREEPS
0103.jpg,22,375,56,375,56,388,22,388,UNDER
0103.jpg,59,379,88,379,88,388,59,388,YOUR
0103.jpg,40,389,65,389,65,398,40,398,SKIN
0103.jpg,20,398,46,398,46,409,20,409,PAULA
0103.jpg,49,398,88,398,88,409,49,409,HAWKINS
0103.jpg,27,415,43,415,43,425,27,425,THE
0103.jpg,45,413,64,413,64,425,45,425,GIRL
#0103.jpg,64,414,79,414,79,425,64,425,ON
0103.jpg,31,424,47,424,47,434,31,434,THE
0103.jpg,49,424,75,424,75,435,49,435,TRAIN
#0103.jpg,59,70,87,70,87,87,59,87,WE
0103.jpg,89,69,137,69,137,88,89,88,WERE
0103.jpg,141,69,254,69,254,87,141,87,INSEPARABLE
0103.jpg,34,19,158,19,158,56,34,56,SHARON
0103.jpg,168,21,288,21,288,55,168,55,BOLTON
0081.jpg,20,24,105,24,105,72,20,72,Tapas
0081.jpg,113,24,219,24,219,62,113,62,Carrot
0081.jpg,224,21,296,21,296,65,224,65,Cake
0081.jpg,63,68,116,68,116,101,63,101,and
#0081.jpg,125,70,146,70,146,106,125,106,A
0081.jpg,153,67,249,67,249,114,153,114,Corpse
0081.jpg,217,325,285,325,285,342,217,342,RECIPES
0081.jpg,205,345,293,345,293,362,205,362,INCLUDED
0081.jpg,23,450,157,450,157,489,23,489,SHERRI
0081.jpg,165,452,291,452,291,487,165,487,BRYAN
#0081.jpg,41,5,52,5,52,17,41,17,A
0081.jpg,53,5,107,5,107,18,53,18,CHARLOTTE
0081.jpg,107,5,145,5,145,17,107,17,DENVER
0081.jpg,146,4,171,4,171,18,146,18,COZY
0081.jpg,173,4,214,4,214,19,173,19,MYSTERY
0081.jpg,222,6,250,6,250,17,222,17,BOOK
0081.jpg,251,7,273,7,273,18,251,18,ONE
0067.jpg,118,56,190,56,190,96,118,96,The
0067.jpg,10,79,306,79,306,162,10,162,GOLDFINCH
0067.jpg,10,428,139,428,139,485,10,485,DONNA
0067.jpg,156,427,304,427,304,478,156,478,TARTT
0067.jpg,40,30,177,30,177,44,40,44,INTERNATIONAL
0067.jpg,182,29,278,29,278,44,182,44,BESTSELLER
0067.jpg,122,14,156,14,156,28,122,28,THE
0067.jpg,163,14,193,14,193,28,163,28,NO1
0067.jpg,35,230,104,230,104,243,35,243,masterpiece
0067.jpg,37,243,57,243,57,253,37,253,THE
0067.jpg,59,244,88,244,88,253,59,253,TIMES
#0067.jpg,21,231,32,231,32,242,21,242,A
0067.jpg,22,316,54,316,54,330,22,330,Heart
0067.jpg,59,320,102,320,102,332,59,332,rending
0067.jpg,46,332,78,332,78,341,46,341,VOGUE
0067.jpg,240,243,280,243,280,259,240,259,Superb
0067.jpg,232,260,259,260,259,269,232,269,DAILY
0067.jpg,263,259,287,259,287,271,263,271,MAIL
0067.jpg,208,322,257,322,257,334,208,334,Winner
#0067.jpg,216,338,232,338,232,350,216,350,of
0067.jpg,231,339,244,339,244,349,231,349,the
0067.jpg,190,349,237,349,237,366,190,366,Pulitzer
0067.jpg,240,350,273,350,273,364,240,364,Prize
0067.jpg,198,364,221,364,221,379,198,379,for
0067.jpg,222,363,264,363,264,379,222,379,Fiction
0067.jpg,216,380,247,380,247,394,216,394,2014
