0043.jpg,119,115,159,115,159,138,119,138,Just
0043.jpg,163,111,235,111,235,132,163,132,looking
0026.jpg,162,145,360,145,360,250,162,250,LIVERPOOL
0026.jpg,168,263,214,245,297,308,228,337,FOOTBALL
0026.jpg,314,252,285,289,302,319,350,257,CLUB
0018.jpg,239,325,352,325,352,374,239,374,CHEEKY
0092.jpg,111,114,289,114,289,150,111,150,christmas
0092.jpg,105,88,224,88,224,119,105,119,Merry
0001.jpg,200,89,244,89,244,114,200,114,ONE
0001.jpg,169,116,324,116,324,158,169,158,MINION
0021.jpg,245,255,321,255,321,286,245,286,AVENGERS
0064.jpg,74,150,299,107,289,172,83,238,SERIOUSLY
0064.jpg,78,249,291,176,287,260,92,328,EPIC
0064.jpg,70,347,185,302,187,354,77,397,Stay
0064.jpg,189,304,194,357,297,313,289,265,skills
0064.jpg,80,391,293,391,293,416,80,416,ORIGINAL
0064.jpg,192,358,230,358,230,376,192,376,UNDER
0064.jpg,200,376,230,376,230,391,200,391,ATED
0085.jpg,139,171,237,154,242,206,142,212,TREX
0085.jpg,179,206,243,206,243,234,179,234,DECKS
0070.jpg,170,201,280,201,280,270,170,270,FOB
0015.jpg,128,132,296,132,296,190,128,190,STAR
0015.jpg,134,189,334,189,334,222,134,222,COMMAND
0015.jpg,134,216,348,216,348,255,134,255,DEFENDER
0044.jpg,175,306,306,306,306,336,175,336,DARKSIDE
0045.jpg,160,103,353,103,353,194,160,194,BROOKLYN
0045.jpg,155,198,248,198,248,249,155,249,new
0045.jpg,255,194,351,194,351,245,255,245,york
0045.jpg,191,283,336,283,336,312,191,312,ATHLETICS
0045.jpg,171,323,276,323,276,360,171,360,TEAM
0045.jpg,282,316,357,316,357,355,282,355,USA
#0045.jpg,235,153,280,153,280,189,235,189,07
0047.jpg,140,135,357,135,357,205,140,205,GUNNERS
0003.jpg,181,100,286,100,286,147,181,147,THERES
0003.jpg,149,151,244,151,244,196,149,196,99.9%
0003.jpg,247,150,348,150,348,194,247,194,CHANCE
0003.jpg,222,198,326,198,326,242,222,242,HUNGRY
0074.jpg,76,94,298,94,298,174,76,174,FALLOUT
0074.jpg,128,353,241,353,241,397,128,397,CHICAGO
0074.jpg,170,164,260,164,260,217,170,217,BOY
0048.jpg,310,226,354,226,354,449,310,449,THOMAS
0036.jpg,149,94,259,94,259,145,149,145,CANT
0036.jpg,263,94,329,94,329,146,263,146,GET
0036.jpg,184,147,252,147,252,186,184,186,OUT
0036.jpg,207,189,279,189,279,233,207,233,BED
0036.jpg,154,228,204,228,204,263,154,263,SEND
0036.jpg,203,232,248,232,248,261,203,261,HELP
0036.jpg,276,230,327,230,327,262,276,262,TOAST
0036.jpg,169,257,209,257,209,292,169,292,JUST
0036.jpg,209,257,262,257,262,291,209,291,SEND
0036.jpg,265,258,312,258,312,293,265,293,TOAST
0016.jpg,156,205,325,205,325,250,156,250,STAR
0016.jpg,156,252,328,252,328,299,156,299,WARS
0062.jpg,213,119,365,119,365,159,213,159,PAWfect
0062.jpg,215,351,325,351,325,395,215,395,TEAM
0062.jpg,214,228,287,228,287,256,214,256,PAW
0008.jpg,134,236,330,236,330,265,134,265,animal
0020.jpg,176,107,280,107,280,156,176,156,MAY
0020.jpg,140,154,363,154,363,219,140,219,WRONG
0020.jpg,221,222,298,222,298,247,221,247,doubt
0020.jpg,154,224,202,224,202,246,154,246,but
0051.jpg,121,178,253,178,253,238,121,238,JOHN
0051.jpg,119,235,259,235,259,293,119,293,CENA
0051.jpg,147,341,184,341,184,358,147,358,NEVER
0051.jpg,185,342,215,342,215,357,185,357,GIVE
#0051.jpg,217,343,234,343,234,358,217,358,UP
0007.jpg,80,162,304,162,304,276,80,276,RAD
0029.jpg,174,153,242,153,242,193,174,193,Mexico
0012.jpg,159,86,263,86,263,181,159,181,SCOOBY
0012.jpg,274,96,341,96,341,184,274,184,DOO
0031.jpg,158,151,354,151,354,184,158,184,FIRETRAP
0031.jpg,274,196,348,196,348,222,274,222,0093
