0043.jpg,1,142,123,142,123,180,1,180,LAPHROAIG
#0043.jpg,46,236,80,236,80,276,46,276,10
0043.jpg,50,337,78,337,78,354,50,354,1815
0043.jpg,142,280,260,280,260,313,142,313,LAPHROAIG
0043.jpg,65,190,105,190,105,205,65,205,WHISKY
0043.jpg,24,193,63,193,63,202,24,202,SCOTCH
0043.jpg,19,182,45,182,45,191,19,191,ISLAY
0043.jpg,47,181,83,181,83,191,47,191,SINGLE
0043.jpg,86,180,110,180,110,191,86,191,MALT
0043.jpg,161,314,184,314,184,324,161,324,ISLAY
0043.jpg,185,314,219,314,219,325,185,325,SINGLE
0043.jpg,219,314,243,314,243,324,219,324,MALT
0043.jpg,167,324,201,324,201,334,167,334,SCOTCH
0043.jpg,200,324,237,324,237,334,200,334,WHISKY
#0043.jpg,187,347,214,347,214,376,187,376,10
0043.jpg,189,399,214,399,214,411,189,411,1815
0026.jpg,114,147,224,147,224,168,114,168,GLENMORANGIE
0026.jpg,12,274,119,274,119,295,12,295,GLENMORANGIE
0026.jpg,34,318,96,318,96,331,34,331,ORIGINAL
0026.jpg,136,190,200,190,200,204,136,204,ORIGINAL
0026.jpg,237,111,250,111,250,322,237,322,ORIGINAL
0005.jpg,228,147,312,147,312,165,228,165,coconut
0005.jpg,315,146,364,146,364,164,315,164,milk
0005.jpg,171,244,214,244,214,257,171,257,organic
0005.jpg,165,256,219,256,219,269,165,269,coconut
0005.jpg,166,267,219,267,219,283,166,283,vinegar
0005.jpg,95,324,137,324,137,337,95,337,amino
0005.jpg,96,335,134,335,134,347,96,347,sauce
0005.jpg,99,316,134,316,134,326,99,326,organic
0005.jpg,178,199,215,199,215,209,178,209,coconut
0005.jpg,177,207,217,207,217,218,177,218,company
0005.jpg,306,380,364,380,364,394,306,394,coconut
0005.jpg,365,378,383,378,383,393,365,393,oil
0005.jpg,242,356,274,356,274,370,242,370,coconut
0005.jpg,244,368,273,368,273,379,244,379,company
0005.jpg,277,186,310,186,310,198,277,198,GLUTEN
0005.jpg,312,186,330,186,330,197,312,197,FREE
0005.jpg,249,190,267,190,267,199,249,199,FREE
0005.jpg,227,165,264,165,264,179,227,179,powder
0018.jpg,15,288,220,288,220,318,15,318,HENDRICKS
0018.jpg,84,334,153,334,153,355,84,355,GIN
0018.jpg,90,368,120,368,120,382,90,382,41.4%
0018.jpg,121,369,141,369,141,383,121,383,VOL
#0018.jpg,94,383,109,383,109,397,94,397,70
#0018.jpg,110,383,125,383,125,398,110,398,CL
0092.jpg,202,192,229,192,229,205,202,205,Raw
0092.jpg,232,192,294,192,294,206,232,206,Chocolate
0092.jpg,225,206,273,206,273,220,225,220,Raisins
0092.jpg,229,179,264,179,264,188,229,188,Organic
0092.jpg,294,241,315,241,315,252,294,252,RAW
0092.jpg,296,252,316,252,316,262,296,262,food
0001.jpg,141,99,236,107,238,141,140,131,VINYL
0001.jpg,238,120,334,128,333,151,237,142,GLOVES
0001.jpg,240,107,308,113,308,127,239,120,DISPOSABLE
0001.jpg,361,129,424,135,424,146,360,140,MARKSMAN
0001.jpg,117,47,214,55,214,75,117,69,GLOVES
0001.jpg,20,29,119,37,117,72,17,60,VINYL
0001.jpg,243,58,307,64,307,74,243,68,MARKSMAN
0001.jpg,145,157,179,161,179,173,145,168,PIECES
0001.jpg,383,180,408,185,409,197,383,194,SIZE
#0001.jpg,385,159,411,159,411,182,385,182,L
0001.jpg,145,138,176,138,176,157,145,157,100
0001.jpg,27,69,56,69,56,86,27,86,100
0001.jpg,27,84,56,84,56,97,27,97,PIECES
0001.jpg,8,28,26,18,30,26,12,36,BLUE
0001.jpg,53,114,72,114,72,124,53,124,FREE
0001.jpg,23,111,51,111,51,122,23,122,Powder
0001.jpg,25,122,46,122,46,133,25,133,Latex
0001.jpg,46,125,64,125,64,135,46,135,FREE
0001.jpg,120,50,190,54,191,40,120,36,DISPOSABLE
0075.jpg,62,278,98,315,99,299,64,267,CRISTAL
0021.jpg,190,267,287,267,287,286,190,286,TALISKER
0021.jpg,42,261,122,267,123,284,41,278,TALISKER
0021.jpg,56,280,85,282,85,293,55,290,SINGLE
0021.jpg,86,282,108,282,108,291,86,291,MALT
0021.jpg,53,290,80,290,80,299,53,299,SCOTCH
0021.jpg,80,292,112,292,112,301,80,301,WHISKY
0021.jpg,208,289,240,289,240,297,208,297,SINGLE
0021.jpg,243,289,270,289,270,297,243,297,MALT
0021.jpg,201,298,236,298,236,307,201,307,SCOTCH
0021.jpg,238,297,277,297,277,305,238,305,WHISKY
#0021.jpg,243,358,261,358,261,376,243,376,10
#0021.jpg,97,370,121,370,121,391,97,391,10
0037.jpg,44,304,105,304,105,319,44,319,OBAN
0037.jpg,187,184,255,184,255,203,187,203,OBAN
0084.jpg,48,172,91,172,91,325,48,325,DINGLE
0084.jpg,40,390,93,390,93,419,40,419,GIN
0084.jpg,54,423,81,423,81,431,54,431,DINGLE
0084.jpg,44,366,90,366,90,386,44,386,Original
0070.jpg,251,226,223,241,233,253,262,237,THE
0070.jpg,226,257,256,257,256,312,226,312,BEST
0070.jpg,230,319,251,319,251,375,230,375,MAN
0070.jpg,203,319,227,319,227,376,203,376,Ridney
0070.jpg,226,376,260,376,260,394,226,394,12.07.17
0015.jpg,128,309,215,309,215,330,128,330,PATRON
0015.jpg,140,260,168,260,168,268,140,268,COFFEE
0015.jpg,169,259,200,259,200,269,169,269,LIQUEUR
0015.jpg,154,274,189,274,189,283,154,283,TEQUILA
#0015.jpg,147,331,163,331,163,343,147,343,XO
0015.jpg,166,329,198,329,198,342,166,342,CAFE
0025.jpg,73,70,102,70,102,165,73,165,MOET
0025.jpg,32,403,64,403,64,419,32,419,MOET
0025.jpg,77,406,136,406,136,417,77,417,CHANDON
0025.jpg,45,417,72,417,72,429,45,429,MOET
0025.jpg,77,419,126,419,126,428,77,428,IMPERIAL
0025.jpg,71,448,99,448,99,458,71,458,BRUT
0071.jpg,77,257,143,257,144,268,77,269,SPILLER
0071.jpg,160,256,186,256,186,267,160,267,TAIT
0071.jpg,101,341,130,340,130,350,103,351,Classic
0071.jpg,129,339,151,339,151,348,129,348,Italian
0071.jpg,152,335,170,335,170,347,152,347,Blend
0013.jpg,19,168,170,168,170,219,19,219,BULLEIT
0013.jpg,18,224,177,224,177,259,18,259,BOURBON
0013.jpg,43,276,149,276,149,298,43,298,FRONTIER
0013.jpg,35,299,158,299,158,321,35,321,WHISKEY
0013.jpg,24,372,89,372,89,386,24,386,BULLEIT
0013.jpg,94,367,175,367,175,385,94,385,BOURBON
0013.jpg,105,382,164,382,164,395,105,395,WHISKEY
0013.jpg,35,385,103,385,103,395,35,395,FRONTIER
0034.jpg,102,141,141,141,141,157,102,157,Model
0034.jpg,143,141,171,141,171,159,143,159,Lily
0034.jpg,174,140,209,140,209,161,174,161,TEA
0072.jpg,20,202,115,202,115,225,20,225,FAMOUS
0072.jpg,19,225,114,225,114,247,19,247,GROUSE
0072.jpg,7,204,20,204,20,245,7,245,THE
0094.jpg,180,84,242,84,242,107,180,107,mellou
0094.jpg,244,93,304,93,304,111,244,111,nallow
0098.jpg,173,392,226,392,226,418,173,418,oyster
0098.jpg,228,394,255,394,255,415,228,415,Bay
0098.jpg,40,357,93,357,93,382,40,382,Oyster
0098.jpg,39,302,91,302,91,318,39,318,Sauvignon
0098.jpg,108,323,159,323,159,339,108,339,Sauvignon
0098.jpg,173,338,225,338,225,355,173,355,Sauvignon
0098.jpg,226,338,254,338,254,353,226,353,Blanc
0098.jpg,282,376,311,376,311,400,282,400,Bay
0098.jpg,341,351,371,351,371,371,341,371,Bay
0098.jpg,340,296,366,296,366,307,340,307,Blanc
0098.jpg,281,324,309,324,309,335,281,335,Blanc
0098.jpg,107,378,159,378,159,404,107,404,Oyster
0098.jpg,176,422,202,422,202,434,176,434,NEW
0098.jpg,204,422,252,422,252,434,204,434,ZEALAND
0098.jpg,114,407,136,407,136,418,114,418,NEW
0098.jpg,45,387,69,387,69,398,45,398,NEW
0063.jpg,37,133,89,126,92,142,37,150,ENGLISH
0063.jpg,38,150,110,140,113,159,40,167,BREAKFAST
0063.jpg,111,139,137,139,137,157,111,157,TEA
0063.jpg,42,172,60,172,60,184,42,184,CITY
#0063.jpg,62,170,72,170,72,183,62,183,OF
0063.jpg,73,164,133,164,133,183,73,183,WESTMINSTER
0063.jpg,177,268,215,268,215,281,177,281,BEST
0063.jpg,242,266,303,266,303,281,242,281,BRITISH
#0063.jpg,220,269,237,269,237,280,220,280,OF
0063.jpg,21,266,45,266,45,282,21,282,3x20g
0042.jpg,129,341,167,341,167,363,129,363,GREY
0042.jpg,170,342,224,342,224,363,170,363,GOOSE
0042.jpg,146,362,204,362,204,378,146,378,VODKA
0042.jpg,161,394,193,394,193,403,161,403,FRANCE
0042.jpg,147,424,208,424,208,436,147,436,IMPORTED
0046.jpg,7,37,91,30,89,58,6,69,Duzzit
0046.jpg,153,35,229,27,228,58,153,67,Duzzit
0046.jpg,9,69,67,61,66,77,9,85,POWER
0046.jpg,69,60,105,54,105,69,67,75,BLUE
0046.jpg,153,67,208,60,208,75,155,81,POWER
0046.jpg,208,60,208,76,245,69,243,54,BLUE
0074.jpg,145,67,292,50,298,101,143,118,EARTHSBEST
0074.jpg,145,265,248,265,248,288,145,288,WHEAT
0074.jpg,59,287,208,287,208,317,59,317,TEETHING
0074.jpg,212,286,341,286,341,315,212,315,BISCUITS
0074.jpg,35,50,67,50,67,65,35,65,Your
0074.jpg,27,64,69,64,69,84,27,84,Baby
0074.jpg,18,81,64,81,64,102,18,102,Ready
0074.jpg,315,54,355,54,355,66,315,66,Excellent
0074.jpg,355,55,386,55,386,65,355,65,Source
0074.jpg,337,66,374,66,374,78,337,78,Calcium
0074.jpg,340,78,374,78,374,89,340,89,Infants
0074.jpg,326,78,339,78,339,91,326,91,for
#0074.jpg,325,65,338,65,338,78,325,78,of
0074.jpg,86,245,111,245,111,261,86,261,FOR
0074.jpg,114,248,154,248,154,260,114,260,BABIES
0074.jpg,156,246,187,246,187,260,156,260,NINE
0074.jpg,190,245,242,245,242,261,190,261,MONTHS
0074.jpg,244,246,267,246,267,259,244,259,AND
0074.jpg,273,244,313,244,313,260,273,260,OLDER
0074.jpg,64,318,100,318,100,332,64,332,Made
0074.jpg,101,318,130,318,130,333,101,333,With
#0074.jpg,132,316,149,316,149,333,132,333,No
0074.jpg,150,316,216,316,216,336,150,336,Genetically
0074.jpg,217,318,284,318,284,337,217,337,Engineered
0074.jpg,285,317,351,317,351,337,285,337,Ingredients
0074.jpg,37,350,94,350,94,367,37,367,BISCUITS
0074.jpg,109,348,175,348,175,368,109,368,PACKAGES
#0074.jpg,176,350,193,350,193,367,176,367,OF
0074.jpg,226,348,252,348,252,367,226,367,NET
#0074.jpg,255,347,273,347,273,368,255,368,WT
0074.jpg,275,348,296,348,296,367,275,367,4.6
#0074.jpg,297,348,316,348,316,367,297,367,OZ
0074.jpg,322,348,350,348,350,371,322,371,130g
#0074.jpg,23,350,36,350,36,367,23,367,12
#0074.jpg,101,352,108,352,108,366,101,366,6
0074.jpg,31,319,50,319,50,328,31,328,USDA
0074.jpg,166,100,277,100,277,155,166,155,ORGANIC
0074.jpg,307,142,281,180,315,198,348,155,BEST
0074.jpg,316,212,338,242,384,220,359,188,BEST
0006.jpg,86,444,144,444,144,463,86,463,Systems
0048.jpg,45,259,137,259,137,287,45,287,SINGLETON
0048.jpg,31,266,48,266,48,278,31,278,THE
0048.jpg,19,282,54,282,54,309,19,309,single
0048.jpg,55,284,85,284,85,307,55,307,Malt
0048.jpg,88,284,125,284,125,307,88,307,Scotch
0048.jpg,127,286,162,286,162,310,127,310,Whisky
0048.jpg,92,308,150,308,150,330,92,330,Dufftown
#0048.jpg,81,334,100,334,100,354,81,354,12
#0048.jpg,75,309,97,309,97,331,75,331,of
0061.jpg,182,458,220,458,220,476,182,476,CAFE
0061.jpg,222,455,264,455,264,477,222,477,TASSE
0068.jpg,209,200,297,200,297,225,209,225,BUSHMILLS
0068.jpg,219,253,243,253,243,262,219,262,IRISH
0068.jpg,246,253,288,253,288,262,246,262,WHISKEY
0068.jpg,240,166,271,166,271,176,240,176,1608
0068.jpg,228,40,270,28,270,42,228,52,BUSHMILLS
0068.jpg,212,408,283,408,283,438,212,438,1608
0036.jpg,87,257,178,257,178,288,87,288,BUSHMILLS
0036.jpg,125,80,152,80,152,94,125,94,1608
0036.jpg,102,316,144,316,144,329,102,329,SINGLE
0036.jpg,144,316,171,316,171,330,144,330,MALT
#0036.jpg,132,355,149,355,149,376,132,376,10
0036.jpg,109,328,132,328,132,339,109,339,IRISH
0036.jpg,133,327,167,327,167,338,133,338,WHISKEY
0036.jpg,236,214,299,214,299,233,236,233,BUSHMILLS
0036.jpg,242,249,272,249,272,261,242,261,SINGLE
0036.jpg,272,249,294,249,294,261,272,261,MALT
#0036.jpg,259,278,276,278,276,298,259,298,10
0036.jpg,242,386,296,386,296,408,242,408,1608
0011.jpg,25,212,155,212,155,255,25,255,BROCKMANS
0014.jpg,18,24,107,24,107,43,18,43,PENDERYN
0014.jpg,42,365,84,365,84,379,42,379,NDER
0095.jpg,294,293,325,285,331,306,298,318,JACK
0095.jpg,329,283,332,307,379,318,383,293,DANIELS
0095.jpg,310,357,366,357,366,370,310,370,WHISKEY
0095.jpg,310,340,365,340,365,356,310,356,Tennessee
0095.jpg,174,319,226,319,226,337,174,337,choose
0095.jpg,132,317,175,317,175,335,132,335,Then
0095.jpg,130,292,192,292,192,314,130,314,message
0095.jpg,194,292,225,292,225,315,194,315,here
0095.jpg,154,349,180,349,180,368,154,368,your
0095.jpg,182,343,205,343,205,367,182,367,font
0062.jpg,113,330,242,330,242,368,113,368,Dalwhinnie
0062.jpg,139,380,178,380,178,391,139,391,SCOTCH
0062.jpg,180,381,218,381,218,391,180,391,WHISKY
#0062.jpg,168,392,189,392,189,412,168,412,15
0087.jpg,42,161,79,161,79,178,42,178,MILK
0087.jpg,94,161,188,161,188,178,94,178,HAZELNUTS
0087.jpg,47,52,177,52,177,88,47,88,HEIDI
0087.jpg,68,101,156,101,156,117,68,117,GRANDOR
0087.jpg,165,225,207,225,207,236,165,236,Natural
0087.jpg,171,207,201,207,201,223,171,223,100%
0058.jpg,240,368,307,355,312,371,248,383,GREEN
0058.jpg,247,380,322,367,325,382,253,395,BLACKS
0058.jpg,254,396,314,383,319,394,255,408,ORGANIC
0058.jpg,346,274,409,274,409,286,346,286,GREEN
0058.jpg,347,285,416,285,416,298,347,298,BLACKS
0058.jpg,349,301,400,301,400,312,349,312,ORGANIC
0058.jpg,340,324,364,324,364,334,340,334,Dark
0058.jpg,366,325,415,325,415,337,366,337,Chocolate
0058.jpg,251,422,280,416,282,429,255,435,Dark
0058.jpg,279,416,284,429,335,417,329,405,Chocolate
0058.jpg,130,227,171,211,176,223,135,238,GREEN
0058.jpg,135,237,182,219,187,231,141,248,BLACKS
0058.jpg,144,248,179,233,183,243,145,259,ORGANIC
0058.jpg,340,217,373,217,373,230,340,230,DARK
0058.jpg,377,212,407,212,407,231,377,231,85%
0033.jpg,217,123,268,123,268,355,217,355,thinkbaby
0033.jpg,200,42,244,42,244,71,200,71,SPF
#0033.jpg,251,46,283,46,283,71,251,71,50
0033.jpg,199,70,301,70,301,90,199,90,SUNSCREEN
0033.jpg,227,370,285,370,285,385,227,385,standard
0033.jpg,207,370,223,370,223,384,207,384,The
0033.jpg,211,387,237,387,237,400,211,400,Safe
0033.jpg,236,384,299,384,299,401,236,401,Sunscreen
0065.jpg,218,238,388,238,388,286,218,286,WHIPS
0065.jpg,220,211,375,211,375,236,220,236,STRAWBERRY
0065.jpg,153,214,216,214,216,229,153,229,CHEWiTS
0065.jpg,240,288,298,288,298,296,240,296,STRAWBERRY
0065.jpg,298,285,335,285,335,298,298,298,FLAVOUR
0065.jpg,338,285,367,285,367,296,338,296,CHEWY
0065.jpg,371,285,402,285,402,297,371,297,SWEETS
0065.jpg,28,243,52,243,52,251,28,251,PIECES
#0065.jpg,17,243,28,243,28,252,17,252,60
0039.jpg,32,177,109,177,109,203,32,203,CIROC
0039.jpg,37,202,70,202,70,219,37,219,Red
0039.jpg,70,202,109,202,109,223,70,223,Berry
0032.jpg,17,277,136,277,136,322,17,322,ARdbEG
0032.jpg,27,334,56,334,56,348,27,348,ISLAY
0032.jpg,56,335,102,335,102,348,56,348,SINGLE
0032.jpg,104,336,130,336,130,348,104,348,MALT
0032.jpg,35,348,80,348,80,358,35,358,SCOTCH
0032.jpg,81,347,124,347,124,358,81,358,WHISKY
0032.jpg,63,362,92,362,92,379,63,379,TEN
0032.jpg,146,244,238,244,238,288,146,288,ARdbEG
0032.jpg,150,297,176,297,176,309,150,309,ISLAY
0032.jpg,175,299,205,299,205,309,175,309,SINGLE
0032.jpg,207,297,231,297,231,310,207,310,MALT
0032.jpg,183,322,200,322,200,337,183,337,TEN
0032.jpg,191,308,226,308,226,317,191,317,WHISKY
0032.jpg,151,50,176,50,176,60,151,60,ISLAY
0032.jpg,175,48,204,48,204,58,175,58,SINGLE
0032.jpg,206,46,227,46,227,56,206,56,MALT
0032.jpg,160,60,189,60,189,69,160,69,SCOTCH
0032.jpg,188,55,220,55,220,67,188,67,WHISKY
0028.jpg,23,332,68,332,68,346,23,346,CHIANTI
0028.jpg,88,334,126,334,126,346,88,346,SOLA
0028.jpg,162,279,206,265,211,283,165,300,CALET
0028.jpg,241,344,275,344,275,356,241,356,Bianco
0028.jpg,277,343,322,343,322,355,277,355,Maggiore
0028.jpg,234,390,255,390,255,400,234,400,Grillo
0028.jpg,303,412,338,412,338,423,303,423,RALLO
0028.jpg,337,310,404,310,404,334,337,334,ACIATO
0028.jpg,361,337,403,337,403,360,361,360,SOLE
0028.jpg,250,99,294,99,294,111,250,111,RALLO
0008.jpg,206,184,244,184,244,194,206,194,BLACK
0008.jpg,247,182,268,182,268,193,247,193,BOB
0008.jpg,209,193,235,193,235,202,209,202,EXTRA
0008.jpg,234,192,268,192,268,202,234,202,MATURE
0008.jpg,218,202,261,202,261,210,218,210,CHEDDAR
0008.jpg,353,192,384,192,384,200,353,200,CHILLI
0008.jpg,382,191,399,191,399,201,382,201,JAM
0097.jpg,227,89,305,89,305,114,227,114,SMOOTHIE
0097.jpg,241,113,291,113,291,138,241,138,BITES
0097.jpg,19,109,45,196,215,128,191,76,greedie
0097.jpg,35,163,48,229,237,169,220,120,goddess
0097.jpg,135,196,215,196,215,213,135,213,MANGO
0097.jpg,131,218,220,218,220,239,131,239,PASSION
0097.jpg,126,239,219,239,219,260,126,260,CARROT
0097.jpg,364,99,315,118,324,136,368,120,ohlala
0097.jpg,318,129,341,129,341,151,318,151,just
0097.jpg,342,117,374,117,374,142,342,142,fruits
0097.jpg,328,144,351,144,351,159,328,159,and
0097.jpg,351,136,371,136,371,156,351,156,veg
0097.jpg,375,408,407,408,407,431,375,431,8ge
0020.jpg,39,269,151,269,151,291,39,291,MONKEY
0020.jpg,30,295,157,295,157,318,30,318,SHOULDER
0020.jpg,75,103,111,103,111,122,75,122,BATCH
#0020.jpg,112,108,123,108,123,122,112,122,27
0017.jpg,69,272,170,244,173,273,68,309,COINTREAU
0017.jpg,109,171,133,171,133,182,109,182,1849
0027.jpg,72,102,200,102,200,147,72,147,pukka
0027.jpg,89,157,152,157,152,182,89,182,three
0027.jpg,156,159,206,159,206,183,156,183,tulsi
0027.jpg,90,194,136,194,136,208,90,208,organic
0027.jpg,140,195,175,195,175,209,140,209,green
0027.jpg,178,193,201,193,201,207,178,207,tulsi
0027.jpg,64,208,103,208,103,222,64,222,purple
0027.jpg,105,208,128,208,128,222,105,222,tulsi
0027.jpg,142,209,183,209,183,222,142,222,lemon
0027.jpg,185,210,208,210,208,223,185,223,tulsi
0027.jpg,208,209,230,209,230,223,208,223,tea
0027.jpg,112,222,143,222,143,237,112,237,uplift
0027.jpg,155,224,199,224,199,239,155,239,restore
