0043.jpg,29,29,157,29,157,58,29,58,EXPLOSIVE
0043.jpg,28,57,147,57,147,85,28,85,CREATINE
0043.jpg,326,263,386,263,386,284,326,284,EXPLOSIVE
0043.jpg,386,263,445,263,445,283,386,283,CREATINE
0043.jpg,350,227,419,227,419,238,350,238,MUSCLE
0043.jpg,40,90,75,90,75,104,40,104,super
0043.jpg,78,87,129,87,129,103,78,103,effective
0043.jpg,34,179,107,179,107,195,34,195,Recommended
0043.jpg,109,180,151,180,151,195,109,195,Creatine
0043.jpg,33,196,73,196,73,205,33,205,Product
0043.jpg,29,104,70,104,70,116,29,116,uptake
0043.jpg,69,102,114,102,114,116,69,116,agents
0043.jpg,105,122,167,122,167,134,105,134,endurance
0043.jpg,54,135,104,135,104,148,54,148,stamina
0043.jpg,62,122,102,122,102,135,62,135,speed
0043.jpg,31,121,61,121,61,135,31,135,More
0043.jpg,32,378,65,378,65,394,32,394,Rapid
0043.jpg,66,377,93,377,93,392,66,392,free
0043.jpg,92,377,141,377,141,393,92,393,delivery
0005.jpg,21,175,149,175,149,229,21,229,Doctor's
0005.jpg,22,223,174,223,174,281,22,281,BEST
0005.jpg,82,299,247,299,247,329,82,329,Strontium
0005.jpg,86,331,226,331,226,372,86,372,Bone
0005.jpg,115,369,242,369,242,402,115,402,Maker
0005.jpg,66,403,106,403,106,421,66,421,BONE
0005.jpg,109,401,165,401,165,421,109,421,HEALTH
0005.jpg,167,428,213,428,213,447,167,447,Veggie
0005.jpg,212,417,239,417,239,438,212,438,Caps
0005.jpg,72,427,100,427,100,449,72,449,340
#0005.jpg,105,431,127,431,127,455,105,455,mg
0005.jpg,164,205,219,205,219,220,164,220,science
0005.jpg,218,197,245,197,245,218,218,218,Based
0005.jpg,179,222,234,222,234,242,179,242,Nutrition
0018.jpg,144,168,242,168,242,206,144,206,Doctor's
0018.jpg,150,202,256,202,256,245,150,245,BEST
0018.jpg,220,267,313,267,313,306,220,306,Extra
0018.jpg,188,302,334,302,334,342,188,342,Strength
0018.jpg,175,333,345,333,345,392,175,392,Ginkgo
0018.jpg,255,178,308,178,308,199,255,199,Science
0018.jpg,312,180,354,180,354,198,312,198,Based
0018.jpg,262,196,327,196,327,216,262,216,Nutrition
0018.jpg,297,214,339,214,339,229,297,229,Dietary
0018.jpg,281,227,348,227,348,242,281,242,Supplement
0018.jpg,248,414,299,414,299,440,248,440,Veggie
0018.jpg,303,414,337,414,337,435,303,435,Caps
0018.jpg,176,394,229,394,229,414,176,414,FUNCTION
0018.jpg,255,401,303,401,303,414,255,414,MEMORY
0018.jpg,167,380,223,380,223,399,167,399,PROMOTES
0018.jpg,223,387,266,387,266,399,223,399,MENTAL
0018.jpg,282,250,343,250,343,265,282,265,ProfileProven
0018.jpg,163,410,184,410,184,431,163,431,120
0018.jpg,222,416,247,416,247,438,222,438,120
#0018.jpg,187,418,211,418,211,437,187,437,mg
0018.jpg,308,395,358,375,359,395,312,416,Vegan
0092.jpg,248,90,360,90,360,164,248,164,BOO
0092.jpg,360,90,472,90,472,164,360,164,TEA
0092.jpg,27,188,119,188,119,241,27,241,BOO
0092.jpg,116,187,202,187,202,243,116,243,TEA
#0092.jpg,46,265,96,265,96,323,46,323,14
0092.jpg,102,259,187,259,187,318,102,318,DAY
0092.jpg,49,318,187,318,187,372,49,372,TEATOX
#0092.jpg,271,194,332,194,332,271,271,271,14
0092.jpg,340,191,447,191,447,270,340,270,DAY
0092.jpg,270,267,448,267,448,340,270,340,TEATOX
0092.jpg,322,376,388,376,388,406,322,406,DAYTIME
0092.jpg,391,376,416,376,416,406,391,406,TEA
0084.jpg,339,128,467,128,467,168,339,168,KINESIOLOGY
0084.jpg,351,170,398,170,398,204,351,204,TAPE
0084.jpg,403,167,453,167,453,198,403,198,GUIDE
0084.jpg,36,36,1,71,2,94,46,49,Special
0084.jpg,70,1,36,33,50,51,88,8,Edition
0025.jpg,151,204,234,204,234,237,151,237,STRIP
0025.jpg,238,203,337,203,337,239,238,239,SHAKE
0025.jpg,152,237,272,237,272,254,152,254,SUPERLEAN
0025.jpg,276,233,313,233,313,255,276,255,+27
0025.jpg,200,178,266,178,266,199,200,199,stripfast
0025.jpg,267,179,305,179,305,198,267,198,5000
0034.jpg,84,246,198,246,198,281,84,281,Anabolic
0034.jpg,200,250,275,250,275,280,200,280,Mass
0034.jpg,152,279,209,279,209,311,152,311,Plus
0034.jpg,131,361,187,361,187,382,131,382,POWER
0034.jpg,195,362,248,362,248,380,195,380,HEALTH
0034.jpg,74,354,126,354,126,377,74,377,STRENGTH
0069.jpg,118,205,233,205,233,232,118,232,VITAMIN
#0069.jpg,239,206,257,206,257,231,239,231,C
0069.jpg,134,234,190,234,190,258,134,258,1000
#0069.jpg,198,232,238,232,238,256,198,256,MG
0048.jpg,92,215,286,215,286,245,92,245,MAGNESIUM
0048.jpg,118,243,259,243,259,274,118,274,CITRATE
0048.jpg,166,184,210,184,210,196,166,196,SOLGAR
0048.jpg,143,193,172,193,172,212,143,212,since
0048.jpg,203,193,236,193,236,210,203,210,1974
0048.jpg,133,281,171,281,171,299,133,299,HIGH
0048.jpg,175,283,244,283,244,297,175,297,POTENCY
0048.jpg,115,296,168,296,168,310,115,310,HIGHLY
0048.jpg,171,298,260,298,260,311,171,311,ABSORBABLE
0048.jpg,173,346,228,346,228,362,173,362,TABLETS
0048.jpg,152,346,173,346,173,362,152,362,120
0048.jpg,131,368,166,368,166,383,131,383,FOOD
0048.jpg,167,366,246,366,246,384,167,384,SUPPLEMENT
0095.jpg,58,402,128,344,144,366,67,429,Elite
0087.jpg,50,215,312,215,312,272,50,272,BIOTIN
0087.jpg,121,142,240,142,240,171,121,171,PureNature
0087.jpg,50,277,176,277,176,298,50,298,MAXIMUM
0087.jpg,184,275,314,275,314,299,184,299,STRENGTH
0087.jpg,128,300,227,300,227,321,128,321,"10,000mcg"
0087.jpg,58,324,123,324,123,344,58,344,SUPPORTS
0087.jpg,125,323,180,323,180,345,125,345,HEALTHY
0087.jpg,180,324,211,324,211,342,180,342,HAIR
0087.jpg,217,326,250,326,250,344,217,344,NAILS
0087.jpg,269,324,297,324,297,344,269,344,SKIN
0087.jpg,115,443,156,443,156,458,115,458,FOOD
0087.jpg,160,440,242,440,242,459,160,459,SUPPLEMENT
0087.jpg,277,421,325,421,325,450,277,450,185
0087.jpg,281,451,325,451,325,462,281,462,TABLETS
0028.jpg,129,200,459,200,459,282,129,282,SONIYA
0028.jpg,208,288,274,288,274,305,208,305,BEAUTY
0028.jpg,283,289,387,289,387,309,283,309,SUPPLEMENT
0028.jpg,120,160,184,160,184,191,120,191,KisTA
0028.jpg,63,87,127,87,127,115,63,115,KisTA
0028.jpg,17,32,82,32,82,55,17,55,KiSTA
0028.jpg,189,323,247,323,247,348,189,348,100%
0027.jpg,118,149,172,149,172,430,118,430,PROBIOTIC
0027.jpg,171,151,210,151,210,348,171,348,ACIDOPHILUS
0027.jpg,217,397,264,397,264,413,217,413,TABLETS
0027.jpg,192,398,214,398,214,413,192,413,120
0027.jpg,93,312,115,312,115,410,93,410,NutriZing
0073.jpg,201,198,257,198,257,388,201,388,VITAMIN
#0073.jpg,199,130,254,130,254,192,199,192,K2
0073.jpg,251,203,292,203,292,262,251,262,600
0073.jpg,252,131,291,131,291,199,252,199,MCG
0073.jpg,174,308,204,308,204,410,174,410,NutriZing
0073.jpg,295,395,350,395,350,410,295,410,CAPSULES
0077.jpg,127,331,243,331,243,362,127,362,groegg
0077.jpg,150,218,209,218,209,282,150,282,18.0
0079.jpg,212,95,303,95,303,117,212,117,FINBURST
0104.jpg,24,294,159,294,159,327,24,327,ARGAN
0104.jpg,61,324,125,324,125,357,61,357,oil
0104.jpg,114,216,176,216,176,238,114,238,NATURAL
0104.jpg,21,216,65,216,65,240,21,240,INSTA
0104.jpg,28,282,94,282,94,297,28,297,CERTIFIED
0104.jpg,96,283,154,283,154,296,96,296,ORGANIC
0104.jpg,21,362,94,362,94,379,21,379,MULTIPURPOSE
0104.jpg,96,365,160,365,160,380,96,380,MOISTURIZER
0035.jpg,210,396,269,396,269,407,210,407,dietretail
0035.jpg,230,157,329,157,329,191,230,191,fuel
0035.jpg,176,198,259,198,259,214,176,214,mulTiViTAmin
0035.jpg,276,199,331,199,331,214,276,214,minerals
#0041.jpg,197,225,284,225,284,257,197,257,LA
0041.jpg,199,256,355,256,355,289,199,289,FIVE
0041.jpg,151,209,175,209,175,296,151,296,SERIES
0041.jpg,152,306,176,306,176,350,152,350,PRO
0041.jpg,187,183,254,183,254,213,187,213,TNC
0054.jpg,13,191,39,191,39,333,13,333,Cambogia
0054.jpg,12,342,40,342,40,461,12,461,Garcinia
0054.jpg,51,268,182,268,182,300,51,300,NutriZing
0054.jpg,324,226,416,226,416,262,324,262,Best
0054.jpg,287,276,457,276,457,318,287,318,Garcinia
0054.jpg,276,330,466,330,466,375,276,375,Cambogia
0054.jpg,210,225,256,225,256,246,210,246,HACCP
0059.jpg,6,38,239,38,239,87,6,87,Clearblue
0059.jpg,254,52,338,52,338,72,254,72,DIGITAL
0059.jpg,12,92,100,92,100,112,12,112,Pregnancy
0059.jpg,105,91,141,91,141,113,105,113,Test
0059.jpg,93,120,180,120,180,134,93,134,ACCURATE
0059.jpg,10,119,54,119,54,132,10,132,OVER
0059.jpg,58,118,90,118,90,135,58,135,99%
0059.jpg,12,134,42,134,42,148,12,148,Brand
0059.jpg,45,134,72,134,72,148,45,148,Most
0059.jpg,73,134,146,134,146,147,73,147,Recommended
0059.jpg,162,135,203,135,203,151,162,151,Doctors
0059.jpg,456,160,492,160,492,178,456,178,Tests
#0059.jpg,436,158,453,158,453,176,436,176,2
0059.jpg,303,8,335,8,335,22,303,22,Tells
0059.jpg,336,7,361,7,361,22,336,22,You
0059.jpg,362,2,392,2,392,23,362,23,How
0059.jpg,395,7,431,7,431,24,395,24,Many
0059.jpg,434,5,477,5,477,25,434,25,Weeks
0059.jpg,232,10,292,10,292,20,232,20,Accurate
#0059.jpg,213,7,233,7,233,21,213,21,So
0080.jpg,105,167,252,167,252,218,105,218,Salvere
0080.jpg,64,256,114,256,114,279,64,279,Acai
0080.jpg,115,254,168,254,168,281,115,281,Berry
0080.jpg,170,253,232,253,232,280,170,280,Super
0080.jpg,230,252,282,252,282,278,230,278,Fruit
0080.jpg,205,329,245,329,245,344,205,344,PLUS
0080.jpg,100,329,146,329,146,346,100,346,1065mg
0080.jpg,147,329,170,329,170,347,147,347,acai
0080.jpg,171,330,204,330,204,346,171,346,berry
0080.jpg,158,348,230,348,230,362,158,362,antioxidants
0080.jpg,121,348,153,348,153,363,121,363,added
0080.jpg,80,348,119,348,119,363,80,363,465mg
0080.jpg,232,349,261,349,261,363,232,363,from
0004.jpg,69,277,129,264,132,287,69,299,latex
0004.jpg,132,271,176,257,179,274,135,289,gloves
0004.jpg,155,222,182,222,182,248,155,248,1.5
0004.jpg,150,225,97,236,101,257,153,242,touch
#0004.jpg,73,242,95,242,95,260,73,260,nu
0004.jpg,53,214,112,204,120,213,63,229,latex
0091.jpg,260,295,305,295,305,322,260,322,Acai
0091.jpg,306,294,360,294,360,323,306,323,Berry
0091.jpg,226,327,248,327,248,345,226,345,high
0091.jpg,250,324,288,324,288,340,250,340,Strength
0091.jpg,290,321,307,321,307,338,290,338,Acai
0091.jpg,308,320,332,320,332,335,308,335,Berry
0091.jpg,332,319,356,319,356,331,332,331,Blend
0091.jpg,193,347,234,347,234,358,193,358,SUITABLE
0091.jpg,253,338,312,338,312,354,253,354,VEGETARIANS
0091.jpg,325,333,355,333,355,348,325,348,VEGANS
0091.jpg,301,394,351,394,351,422,301,422,Troo
0091.jpg,300,100,321,100,321,112,300,112,Food
0091.jpg,319,100,363,100,363,114,319,114,Supplement
