0005.jpg,274,99,364,99,364,150,274,150,just
0005.jpg,28,122,107,122,107,151,28,151,Rainbow
0005.jpg,49,146,98,146,98,163,49,163,Drops
0005.jpg,112,90,183,90,183,139,112,139,FIZZ
0005.jpg,121,122,179,122,179,165,121,165,WIZ
0005.jpg,244,336,345,336,345,363,244,363,white
0005.jpg,260,357,347,357,347,392,260,392,Mice
0005.jpg,287,233,397,233,397,270,287,270,Double
0001.jpg,185,154,318,154,318,264,185,264,just
0001.jpg,217,228,276,228,276,242,217,242,sweets
0001.jpg,315,447,344,447,344,465,315,465,Made
#0001.jpg,366,444,385,444,385,462,366,462,UK
0001.jpg,111,258,155,258,155,287,111,287,Dark
0001.jpg,153,264,246,264,246,284,153,284,Chocolate
0001.jpg,251,262,329,262,329,285,251,285,Covered
0001.jpg,332,261,388,261,388,290,332,290,Brazils
0001.jpg,178,22,198,22,198,38,178,38,Just
0001.jpg,199,20,235,20,235,37,199,37,Sweets
0001.jpg,237,24,267,24,267,37,237,37,made
0001.jpg,268,23,281,23,281,37,268,37,for
0001.jpg,279,24,321,24,321,38,279,38,sharing
0075.jpg,181,148,270,148,270,178,181,178,chocolate
0075.jpg,264,153,325,153,325,176,264,176,Lovers
0075.jpg,196,69,322,69,322,87,196,87,chocolate
0075.jpg,193,86,272,86,272,106,193,106,Lovers
0075.jpg,352,192,454,192,454,233,352,233,LION
0075.jpg,287,244,247,317,202,308,265,226,Decker
0075.jpg,253,201,303,201,303,226,253,226,Crisp
0075.jpg,196,227,65,264,81,295,202,248,Orange
0075.jpg,233,250,167,315,144,282,215,233,CRUNCH
0075.jpg,342,275,390,275,390,332,342,332,Kitkat
0075.jpg,64,197,157,197,157,223,64,223,LION
0075.jpg,29,227,93,227,93,242,29,242,DairyMilk
0075.jpg,120,96,172,122,159,141,106,116,Toffe
0064.jpg,51,140,132,140,132,181,51,181,Jackie's
0064.jpg,133,138,186,138,186,181,133,181,Hen
0064.jpg,192,136,254,136,254,178,192,178,Night
0064.jpg,35,189,87,189,87,224,35,224,14th
0064.jpg,88,185,216,185,216,231,88,231,September
#0064.jpg,220,183,254,183,254,227,220,227,20
0064.jpg,244,247,318,247,318,278,244,278,Thanks
0064.jpg,265,281,297,281,297,305,265,305,for
0064.jpg,244,313,320,313,320,340,244,340,coming
0064.jpg,53,393,168,393,168,442,53,442,DIY
0064.jpg,12,444,84,444,84,485,12,485,Milk
0064.jpg,87,442,228,442,228,489,87,489,Chocolate
0064.jpg,230,444,346,444,346,487,230,487,Favours
0084.jpg,65,276,244,218,256,256,72,311,Swedish
0084.jpg,69,337,225,337,225,388,69,388,m&m
0084.jpg,64,444,172,444,172,479,64,479,Twizzlers
0084.jpg,176,405,210,405,210,436,176,436,AIR
0084.jpg,230,392,290,392,290,424,230,424,HEADS
0084.jpg,284,333,448,312,460,364,289,390,Skittles
0084.jpg,311,174,267,188,269,208,317,186,Junior
0084.jpg,183,281,251,256,256,273,181,295,ASSORTED
0084.jpg,332,247,372,247,372,266,332,266,HARD
0084.jpg,373,249,416,249,416,271,373,271,CANDY
0084.jpg,354,149,451,149,451,176,354,176,LEMONHEAD
0084.jpg,359,132,422,132,422,156,359,156,chewy
0084.jpg,316,40,388,40,388,90,316,90,CHEW
0084.jpg,310,63,159,101,171,147,322,99,CHARLESTON
0084.jpg,281,16,144,62,160,95,292,42,BabyRuth
0084.jpg,119,178,216,140,223,164,130,209,GrapeHead
0084.jpg,248,135,318,112,327,130,261,165,Fusers
0084.jpg,22,181,96,151,112,174,32,209,NeRds
0084.jpg,236,11,160,37,172,57,247,29,TootsieRoll
0084.jpg,110,70,74,97,96,119,122,92,Kool
0084.jpg,110,70,132,49,144,71,124,94,Aid
0084.jpg,362,401,417,401,417,424,362,424,Reese's
0084.jpg,357,425,386,425,386,443,357,443,BIG
0084.jpg,390,423,421,423,421,443,390,443,CUP
0015.jpg,11,269,203,269,203,327,11,327,CookieDough
0015.jpg,42,311,108,307,112,329,48,332,Bites
0015.jpg,34,338,186,338,186,378,34,378,Junior
0015.jpg,206,423,70,438,80,472,219,455,mEGA
0015.jpg,296,412,400,412,400,445,296,445,Reese's
0015.jpg,291,449,405,449,405,484,291,484,pieces
0015.jpg,261,333,432,365,424,413,255,382,HERSHEY'S
0015.jpg,261,271,331,271,331,302,261,302,Milk
0015.jpg,334,262,410,262,410,300,334,300,Duds
0015.jpg,106,405,182,405,182,430,106,430,m&ms
0015.jpg,278,137,309,137,309,222,278,222,GRAND
0015.jpg,176,134,220,134,220,234,176,234,HENry
0015.jpg,342,120,311,237,346,257,376,131,Musketeers
0015.jpg,423,168,404,251,435,261,454,178,NICKERS
0105.jpg,202,108,323,108,323,135,202,135,Edelvollmilch
0105.jpg,212,133,313,133,313,159,212,159,Schokolade
0105.jpg,200,157,238,157,238,173,200,173,Finest
0105.jpg,239,158,270,158,270,172,239,172,milk
0105.jpg,271,159,331,159,331,179,271,179,chocolate
0105.jpg,246,359,284,359,284,378,246,378,Storz
0045.jpg,62,185,190,185,190,203,62,203,CRYSTALLISED
0045.jpg,59,200,115,200,115,220,59,220,STEM
0045.jpg,115,203,188,203,188,222,115,222,GINGER
0045.jpg,95,227,155,227,155,243,95,243,ENROBED
0045.jpg,97,240,167,240,167,253,97,253,CHOCOLATE
0045.jpg,82,95,118,95,118,110,82,110,EAST
0045.jpg,126,98,171,98,171,111,126,111,INDIA
0045.jpg,90,110,166,110,166,122,90,122,COMPANY
0045.jpg,104,124,150,124,150,135,104,135,LONDON
0099.jpg,23,315,314,258,330,312,29,422,Bananas
0099.jpg,133,450,215,450,215,477,133,477,Carletti
0034.jpg,85,132,257,93,277,127,104,171,FATHER'S
0034.jpg,170,160,227,144,234,160,171,178,DAY
0034.jpg,127,102,203,85,211,101,127,123,Happy
0034.jpg,229,321,383,407,369,431,212,338,REFRESHERS
0034.jpg,317,137,407,117,418,151,335,171,FIZZ
0034.jpg,333,173,409,152,417,189,348,207,WIZ
0034.jpg,318,223,379,207,389,236,327,249,SUPER
0034.jpg,375,208,392,238,433,218,420,193,LOUD
0034.jpg,355,324,415,359,408,372,344,334,DRUMSTICK
0034.jpg,419,276,457,286,452,302,415,289,LOVE
0072.jpg,22,88,153,88,153,177,22,177,Harry
0072.jpg,149,83,296,83,296,179,149,179,Potter
#0072.jpg,96,211,113,211,113,232,96,232,UK
0072.jpg,111,209,158,209,158,229,111,229,PRODUCT
0072.jpg,156,213,222,213,222,229,156,229,DISTRIBUTION
0072.jpg,31,400,71,381,76,398,33,414,JELLY
0063.jpg,36,137,323,137,323,207,36,207,Werther's
0063.jpg,52,203,271,203,271,263,52,263,Original
0063.jpg,63,277,147,277,147,311,63,311,SUGAR
0063.jpg,149,278,208,278,208,310,149,310,FREE
0063.jpg,63,324,127,324,127,348,63,348,Butter
0063.jpg,126,317,211,317,211,349,126,349,Candies
0063.jpg,202,378,258,396,252,411,197,393,Werther's
0063.jpg,199,393,252,408,242,422,194,404,Original
0063.jpg,245,96,293,96,293,115,245,115,STORCK
0063.jpg,282,431,330,431,330,455,282,455,e80g
0090.jpg,143,209,219,209,219,244,143,244,Sugar
0090.jpg,220,210,280,210,280,239,220,239,Free
0090.jpg,194,234,257,234,257,268,194,268,Choc
0090.jpg,258,238,330,238,330,265,258,265,Mints
0090.jpg,224,405,268,405,268,423,224,423,250g
0090.jpg,192,151,286,151,286,183,192,183,carblife
0069.jpg,60,175,383,175,383,308,60,308,galaxy
0069.jpg,222,255,141,281,156,312,233,288,smooth
0069.jpg,224,255,274,238,286,271,234,290,Milk
0006.jpg,182,145,311,145,311,197,182,197,Happy
0006.jpg,172,191,320,191,320,254,172,254,birthday
0022.jpg,40,85,117,85,117,143,40,143,icy
0022.jpg,31,136,149,136,149,189,31,189,cups
#0022.jpg,227,235,257,235,257,260,227,260,5p
0014.jpg,118,225,178,203,192,230,134,253,HUG
0014.jpg,182,204,206,234,263,206,246,178,BOX
0014.jpg,91,39,192,30,193,65,98,71,fingers
0014.jpg,20,386,116,380,116,409,22,416,YORKIE
0014.jpg,148,374,237,374,237,408,148,408,Twirl
0014.jpg,83,40,50,71,67,84,96,57,FIZZ
0014.jpg,268,285,320,270,333,293,268,314,maltes
0016.jpg,191,152,295,144,298,191,185,206,Ritter
0016.jpg,193,201,299,201,299,228,193,228,SPORT
0016.jpg,177,313,316,313,316,345,177,345,Marzipan
0016.jpg,190,49,299,49,299,77,190,77,Marcipan
0016.jpg,134,353,177,353,177,376,134,376,made
0016.jpg,177,354,209,354,209,374,177,374,with
0016.jpg,208,350,251,350,251,375,208,375,100%
0016.jpg,251,351,293,351,293,373,251,373,finest
0016.jpg,293,353,360,353,360,373,293,373,marzipan
0016.jpg,454,169,482,169,482,239,454,239,100gE
0016.jpg,16,176,40,176,40,246,16,246,100ge
0065.jpg,163,139,309,177,287,212,148,176,MAXIM'S
#0065.jpg,194,187,230,200,222,213,189,205,DE
0065.jpg,176,199,167,217,220,232,229,211,PARIS
0032.jpg,152,254,240,254,240,284,152,284,TOFFEES
0032.jpg,155,284,203,284,203,297,155,297,chocolate
0032.jpg,204,283,235,283,235,297,204,297,Eclairs
0097.jpg,130,272,204,272,204,294,130,294,Platform
#0097.jpg,210,273,221,273,221,294,210,294,9
0097.jpg,214,380,261,380,261,394,214,394,JELLY
0027.jpg,212,200,279,200,279,216,212,216,BENEVELO
0027.jpg,222,250,268,250,268,261,222,261,PURPLE
0027.jpg,194,259,254,259,254,272,194,272,CARAMEL
0027.jpg,256,261,294,261,294,273,256,273,BALLS
#0007.jpg,93,150,149,150,149,199,93,199,I
#0007.jpg,213,120,261,120,261,168,213,168,U
0007.jpg,85,214,297,151,310,203,106,273,DADDY
0007.jpg,330,131,372,131,372,146,330,146,Dairy
0007.jpg,333,143,369,143,369,157,333,157,Milk
0007.jpg,270,289,143,336,161,374,285,323,Chomp
0007.jpg,115,307,229,266,244,295,128,339,Fudge
0007.jpg,328,241,446,241,446,271,328,271,crunchie
0007.jpg,334,332,379,332,379,349,334,349,Dairy
0007.jpg,378,325,413,325,413,344,378,344,Milk
0007.jpg,345,345,431,345,431,368,345,368,buttons
0007.jpg,198,360,232,418,210,431,174,376,Freddo
0007.jpg,316,191,370,191,370,211,316,211,fredd
0007.jpg,268,343,286,384,305,377,283,337,Dairy
0007.jpg,253,350,271,386,284,378,268,345,Milk
0002.jpg,181,102,276,102,276,125,181,125,KIRKLAND
0002.jpg,97,136,155,136,155,161,97,161,Semi
0002.jpg,160,138,229,138,229,164,160,164,Sweet
0002.jpg,119,166,348,166,348,212,119,212,Chocolate
0002.jpg,215,207,346,207,346,263,215,263,Chips
0002.jpg,253,264,278,264,278,283,253,283,51%
0002.jpg,280,264,320,264,320,284,280,284,Cacao
0002.jpg,254,286,282,286,282,302,254,302,Real
0002.jpg,280,281,321,281,321,304,280,304,Vanilla
0002.jpg,172,463,189,463,189,477,172,477,NET
0002.jpg,207,466,234,466,234,479,207,479,2.04kg
0009.jpg,109,110,174,110,174,166,109,166,Choc
0009.jpg,176,111,243,111,243,163,176,163,Shot
0009.jpg,154,94,199,94,199,110,154,110,FREEDOM
0009.jpg,158,202,193,202,193,216,158,216,HOT
0009.jpg,151,217,202,217,202,232,151,232,CHOC
0009.jpg,132,161,165,161,165,171,132,171,LIQUID
0009.jpg,166,161,223,161,223,173,166,173,CHOCOLATE
0077.jpg,90,218,229,218,229,251,90,251,FARRAH'S
0077.jpg,110,281,169,315,163,332,99,303,SWEET
0077.jpg,171,310,210,282,224,297,177,333,SHOP
0077.jpg,232,339,164,354,165,375,236,361,CHOCOLATE
0077.jpg,234,360,183,370,188,391,245,377,LIMES
0035.jpg,210,79,425,79,425,150,210,150,Nestle
0035.jpg,93,86,176,86,176,118,93,118,Toll
0035.jpg,78,112,193,112,193,149,78,149,House
0035.jpg,299,178,352,178,352,202,299,202,Semi
0035.jpg,359,176,426,176,426,201,359,201,Sweet
0035.jpg,330,197,396,197,396,212,330,212,MORSELS
0035.jpg,420,42,467,69,455,86,414,60,Natural
0035.jpg,397,35,417,35,417,58,397,58,All
0106.jpg,49,68,188,68,188,115,49,115,HERSHEY'S
0106.jpg,97,158,159,158,159,183,97,183,HERSHEY'S
0106.jpg,19,133,38,133,38,169,19,169,FREE
0106.jpg,26,165,53,165,53,215,26,215,SUGAR
0106.jpg,43,215,60,215,60,249,43,249,FREE
0106.jpg,44,246,62,246,62,294,44,294,SUGAR
0106.jpg,82,118,155,118,155,133,82,133,CHOCOLATES
0106.jpg,186,53,148,31,158,22,191,38,SUGAR
0106.jpg,194,42,186,56,215,75,218,56,FREE
0010.jpg,157,256,189,246,191,263,160,272,SWEET
0010.jpg,189,246,230,246,230,272,189,272,VIRTUES
0059.jpg,279,130,148,182,176,231,306,164,Bananas
0059.jpg,45,121,162,245,139,284,31,165,Bananas
0059.jpg,269,190,312,183,319,195,278,204,Carletti
0059.jpg,87,140,110,178,118,168,95,133,Carletti
0059.jpg,172,292,314,237,301,274,163,326,Bananas
0056.jpg,169,160,227,160,227,193,169,193,The
0056.jpg,230,160,305,160,305,191,230,191,Little
0056.jpg,139,183,280,183,280,232,139,232,Sweet
0056.jpg,293,184,398,184,398,237,293,237,Shop
0019.jpg,173,186,200,186,200,196,173,196,MILK
0019.jpg,200,184,266,184,266,197,200,197,CHOCOLATE
0019.jpg,269,185,306,185,306,196,269,196,BEANS
0019.jpg,176,196,218,196,218,207,176,207,NATURE
0019.jpg,219,195,275,195,275,207,219,207,IDENTICAL
#0019.jpg,278,196,289,196,289,207,278,207,50
#0019.jpg,291,198,305,198,305,206,291,206,50
0019.jpg,226,208,253,208,253,218,226,218,3kg
0019.jpg,129,281,153,281,153,288,129,288,BEST
0019.jpg,153,280,186,280,186,289,153,289,BEFORE
0019.jpg,130,293,153,293,153,300,130,300,DATE
0019.jpg,153,291,178,291,178,301,153,301,CODE
0080.jpg,69,288,155,288,155,314,69,314,Reese's
0080.jpg,76,310,143,310,143,332,76,332,Sticks
0080.jpg,109,394,259,394,259,439,109,439,Reese's
0080.jpg,268,315,285,315,285,344,268,344,BIG
0080.jpg,274,342,290,342,290,366,274,366,CUP
0080.jpg,287,314,306,314,306,366,287,366,Reeses
0080.jpg,70,374,181,360,182,382,72,396,Pieces
0080.jpg,79,341,177,341,177,365,79,365,Reeses
0060.jpg,325,104,394,104,394,384,325,384,Butterfinger
0060.jpg,374,190,392,190,392,249,374,249,Nestle
0060.jpg,165,211,313,211,313,280,165,280,APPLEHEAD
0060.jpg,246,306,152,332,158,375,252,350,Trolli
0060.jpg,252,312,315,302,312,324,254,328,EXTREME
0060.jpg,261,323,308,323,308,338,261,338,SOOR
0060.jpg,259,339,297,339,297,354,259,354,Bites
0060.jpg,382,107,452,107,452,351,382,351,skittles
0060.jpg,45,54,155,54,155,89,45,89,Reese's
0060.jpg,58,95,137,95,137,122,58,122,Sticks
0060.jpg,116,141,142,141,142,204,116,204,NeRds
0060.jpg,53,140,78,140,78,206,53,206,NeRds
0060.jpg,27,229,87,229,87,245,27,245,Assorted
0060.jpg,86,231,145,231,145,247,86,247,Flavours
0060.jpg,427,83,459,83,459,94,427,94,SOUR
0060.jpg,75,265,101,265,101,278,75,278,JELLY
0060.jpg,69,276,92,276,92,292,69,292,Belly
0060.jpg,225,163,185,174,189,185,226,175,BITE
0049.jpg,165,117,326,117,326,158,165,158,BEECH'S
0049.jpg,175,158,211,158,211,172,175,172,FINE
0049.jpg,214,156,316,156,316,173,214,173,CHOCOLATES
0049.jpg,231,172,260,172,260,181,231,181,SINCE
0049.jpg,231,182,263,182,263,193,231,193,1920
0049.jpg,201,224,292,224,292,254,201,254,Luxury
0049.jpg,170,251,233,251,233,278,170,278,Stem
0049.jpg,237,252,322,252,322,280,237,280,Ginger
0049.jpg,175,288,207,288,207,300,175,300,Rich
0049.jpg,208,285,241,285,241,302,208,302,dark
0049.jpg,243,285,315,285,315,302,243,302,chocolates
0049.jpg,166,304,198,304,198,318,166,318,with
0049.jpg,200,305,231,305,231,318,200,318,stem
0049.jpg,232,305,276,305,276,318,232,318,ginger
0049.jpg,278,303,326,303,326,319,278,319,centres
0038.jpg,254,265,317,265,317,424,254,424,HERSHEY'S
0038.jpg,61,252,108,252,108,429,61,429,Butterfinge
0038.jpg,101,266,135,266,135,393,101,393,TootsieRoll
0038.jpg,135,263,165,263,165,396,135,396,BabyRuth
0038.jpg,192,247,240,247,240,264,192,264,Reeses
0038.jpg,192,343,243,343,243,364,192,364,LaffyTaffy
0038.jpg,189,384,241,384,241,401,189,401,LaffyTaffy
0038.jpg,193,262,217,262,217,274,193,274,BIG
0038.jpg,217,263,241,263,241,276,217,276,CUP
0038.jpg,179,404,225,404,225,433,179,433,ERSHE
0004.jpg,297,159,248,187,256,199,301,171,ORIGINAL
0004.jpg,289,177,232,206,240,234,292,191,choc
0004.jpg,308,176,220,246,240,273,319,195,NIBBLES
0091.jpg,167,274,239,274,239,302,167,302,Jazzics
0096.jpg,83,112,236,112,236,161,83,161,m&m
0096.jpg,276,98,403,98,403,161,276,161,m&m
0096.jpg,56,195,212,195,212,238,56,238,m&m
0096.jpg,265,170,426,170,426,232,265,232,m&m
0096.jpg,11,275,168,275,168,330,11,330,m&m
0096.jpg,161,312,53,328,60,348,165,332,chocolate
0096.jpg,151,329,108,333,114,355,153,346,bar
0096.jpg,280,288,446,261,451,302,284,331,mEGA
0096.jpg,313,247,389,247,389,281,313,281,m&m
0096.jpg,73,98,113,98,113,111,73,111,mint
